,SـAVARAGE,TـAVARAGE,C_AVARAGE,SـMEDIAN,TـMEDIAN,C_MEDIAN,SـSTD,TـSTD,C_STD,SـMIN,TـMIN,C_MIN,SـMAX,TـMAX,C_MAX,GRADE_A,GRADE_B,GRADE_C,GRADE_D,GRADE_F
0,"(59, 69]","(59, 69]","(59, 69]","(59, 69]","(59, 69]","(69, 79]","(-0.001, 2.944]","(16.214, 23.629]","(15.153, 18.543]","(59, 69]","(0, 59]","(0, 59]","(59, 69]","(89, 100]","(89, 100]",0.0,0.0,0.0,1.0,0.0
1,"(69, 79]","(59, 69]","(59, 69]","(69, 79]","(59, 69]","(59, 69]","(-0.001, 2.944]","(4.443, 11.306]","(5.782, 11.819]","(69, 79]","(59, 69]","(59, 69]","(69, 79]","(69, 79]","(69, 79]",0.0,0.0,1.0,0.0,0.0
2,"(69, 79]","(69, 79]","(69, 79]","(69, 79]","(79, 89]","(79, 89]","(2.944, 6.128]","(16.214, 23.629]","(15.153, 18.543]","(59, 69]","(0, 59]","(0, 59]","(69, 79]","(89, 100]","(89, 100]",0.0,0.0,1.0,0.0,0.0
3,"(69, 79]","(69, 79]","(69, 79]","(69, 79]","(69, 79]","(69, 79]","(2.944, 6.128]","(11.306, 14.214]","(5.782, 11.819]","(59, 69]","(0, 59]","(0, 59]","(69, 79]","(89, 100]","(89, 100]",0.0,0.0,0.0,1.0,0.0
4,"(69, 79]","(69, 79]","(69, 79]","(69, 79]","(69, 79]","(69, 79]","(2.944, 6.128]","(11.306, 14.214]","(11.819, 15.153]","(59, 69]","(0, 59]","(0, 59]","(69, 79]","(89, 100]","(89, 100]",0.0,0.0,1.0,0.0,0.0
5,"(79, 89]","(69, 79]","(59, 69]","(79, 89]","(69, 79]","(69, 79]","(6.128, 9.428]","(11.306, 14.214]","(15.153, 18.543]","(69, 79]","(0, 59]","(0, 59]","(89, 100]","(89, 100]","(89, 100]",0.0,0.0,1.0,0.0,0.0
6,"(79, 89]","(69, 79]","(69, 79]","(79, 89]","(69, 79]","(69, 79]","(6.128, 9.428]","(4.443, 11.306]","(5.782, 11.819]","(69, 79]","(59, 69]","(0, 59]","(89, 100]","(79, 89]","(89, 100]",0.0,1.0,0.0,0.0,0.0
7,"(79, 89]","(69, 79]","(69, 79]","(79, 89]","(69, 79]","(69, 79]","(6.128, 9.428]","(11.306, 14.214]","(11.819, 15.153]","(69, 79]","(0, 59]","(0, 59]","(89, 100]","(89, 100]","(89, 100]",1.0,0.0,0.0,0.0,0.0
8,"(59, 69]","(59, 69]","(59, 69]","(69, 79]","(59, 69]","(69, 79]","(2.944, 6.128]","(16.214, 23.629]","(15.153, 18.543]","(59, 69]","(0, 59]","(0, 59]","(69, 79]","(89, 100]","(89, 100]",0.0,0.0,1.0,0.0,0.0
9,"(59, 69]","(69, 79]","(69, 79]","(69, 79]","(69, 79]","(69, 79]","(2.944, 6.128]","(4.443, 11.306]","(5.782, 11.819]","(59, 69]","(0, 59]","(0, 59]","(69, 79]","(89, 100]","(89, 100]",0.0,0.0,1.0,0.0,0.0
10,"(59, 69]","(59, 69]","(69, 79]","(69, 79]","(59, 69]","(69, 79]","(2.944, 6.128]","(14.214, 16.214]","(11.819, 15.153]","(59, 69]","(0, 59]","(0, 59]","(69, 79]","(89, 100]","(89, 100]",0.0,0.0,0.0,1.0,0.0
11,"(0, 59]","(69, 79]","(59, 69]","(0, 59]","(69, 79]","(69, 79]","(6.128, 9.428]","(4.443, 11.306]","(15.153, 18.543]","(0, 59]","(59, 69]","(0, 59]","(59, 69]","(79, 89]","(89, 100]",0.0,0.0,0.0,1.0,0.0
12,"(0, 59]","(59, 69]","(59, 69]","(0, 59]","(59, 69]","(69, 79]","(6.128, 9.428]","(16.214, 23.629]","(15.153, 18.543]","(0, 59]","(0, 59]","(0, 59]","(59, 69]","(89, 100]","(89, 100]",0.0,0.0,0.0,0.0,1.0
13,"(59, 69]","(59, 69]","(59, 69]","(59, 69]","(59, 69]","(59, 69]","(-0.001, 2.944]","(4.443, 11.306]","(5.782, 11.819]","(59, 69]","(59, 69]","(59, 69]","(59, 69]","(69, 79]","(69, 79]",0.0,0.0,0.0,1.0,0.0
14,"(59, 69]","(59, 69]","(59, 69]","(59, 69]","(59, 69]","(69, 79]","(-0.001, 2.944]","(16.214, 23.629]","(15.153, 18.543]","(59, 69]","(0, 59]","(0, 59]","(59, 69]","(89, 100]","(89, 100]",0.0,0.0,0.0,1.0,0.0
15,"(79, 89]","(69, 79]","(69, 79]","(79, 89]","(79, 89]","(79, 89]","(-0.001, 2.944]","(16.214, 23.629]","(15.153, 18.543]","(79, 89]","(0, 59]","(0, 59]","(89, 100]","(89, 100]","(89, 100]",0.0,1.0,0.0,0.0,0.0
16,"(79, 89]","(59, 69]","(69, 79]","(79, 89]","(59, 69]","(69, 79]","(-0.001, 2.944]","(14.214, 16.214]","(5.782, 11.819]","(79, 89]","(0, 59]","(0, 59]","(89, 100]","(89, 100]","(89, 100]",0.0,1.0,0.0,0.0,0.0
17,"(79, 89]","(69, 79]","(69, 79]","(79, 89]","(69, 79]","(69, 79]","(-0.001, 2.944]","(11.306, 14.214]","(11.819, 15.153]","(79, 89]","(0, 59]","(0, 59]","(89, 100]","(89, 100]","(89, 100]",1.0,0.0,0.0,0.0,0.0
18,"(0, 59]","(69, 79]","(69, 79]","(59, 69]","(69, 79]","(69, 79]","(9.428, 29.0]","(4.443, 11.306]","(5.782, 11.819]","(0, 59]","(59, 69]","(59, 69]","(69, 79]","(89, 100]","(79, 89]",0.0,0.0,0.0,1.0,0.0
19,"(0, 59]","(69, 79]","(69, 79]","(59, 69]","(69, 79]","(69, 79]","(9.428, 29.0]","(4.443, 11.306]","(11.819, 15.153]","(0, 59]","(59, 69]","(0, 59]","(69, 79]","(89, 100]","(89, 100]",0.0,0.0,1.0,0.0,0.0
20,"(0, 59]","(69, 79]","(69, 79]","(59, 69]","(69, 79]","(69, 79]","(9.428, 29.0]","(11.306, 14.214]","(11.819, 15.153]","(0, 59]","(0, 59]","(0, 59]","(69, 79]","(89, 100]","(89, 100]",0.0,0.0,0.0,0.0,1.0
21,"(79, 89]","(69, 79]","(59, 69]","(69, 79]","(69, 79]","(69, 79]","(2.944, 6.128]","(11.306, 14.214]","(15.153, 18.543]","(69, 79]","(0, 59]","(0, 59]","(79, 89]","(89, 100]","(89, 100]",0.0,0.0,1.0,0.0,0.0
22,"(79, 89]","(69, 79]","(69, 79]","(69, 79]","(69, 79]","(69, 79]","(2.944, 6.128]","(4.443, 11.306]","(5.782, 11.819]","(69, 79]","(59, 69]","(0, 59]","(79, 89]","(79, 89]","(89, 100]",0.0,0.0,1.0,0.0,0.0
23,"(79, 89]","(69, 79]","(69, 79]","(69, 79]","(69, 79]","(69, 79]","(2.944, 6.128]","(4.443, 11.306]","(11.819, 15.153]","(69, 79]","(59, 69]","(0, 59]","(79, 89]","(89, 100]","(89, 100]",0.0,1.0,0.0,0.0,0.0
24,"(59, 69]","(59, 69]","(59, 69]","(59, 69]","(59, 69]","(69, 79]","(-0.001, 2.944]",,"(15.153, 18.543]","(59, 69]","(59, 69]","(0, 59]","(59, 69]","(59, 69]","(89, 100]",0.0,0.0,0.0,1.0,0.0
25,"(69, 79]","(69, 79]","(59, 69]","(69, 79]","(79, 89]","(69, 79]","(-0.001, 2.944]","(16.214, 23.629]","(15.153, 18.543]","(59, 69]","(0, 59]","(0, 59]","(69, 79]","(89, 100]","(89, 100]",0.0,0.0,1.0,0.0,0.0
26,"(69, 79]","(69, 79]","(69, 79]","(69, 79]","(69, 79]","(69, 79]","(-0.001, 2.944]","(11.306, 14.214]","(5.782, 11.819]","(59, 69]","(0, 59]","(0, 59]","(69, 79]","(89, 100]","(89, 100]",0.0,0.0,1.0,0.0,0.0
27,"(69, 79]","(69, 79]","(69, 79]","(69, 79]","(69, 79]","(69, 79]","(-0.001, 2.944]","(11.306, 14.214]","(11.819, 15.153]","(59, 69]","(0, 59]","(0, 59]","(69, 79]","(89, 100]","(89, 100]",0.0,0.0,0.0,1.0,0.0
28,"(59, 69]","(69, 79]","(59, 69]","(59, 69]","(79, 89]","(69, 79]","(2.944, 6.128]","(16.214, 23.629]","(15.153, 18.543]","(59, 69]","(0, 59]","(0, 59]","(69, 79]","(89, 100]","(89, 100]",0.0,0.0,1.0,0.0,0.0
29,"(59, 69]","(69, 79]","(69, 79]","(59, 69]","(69, 79]","(69, 79]","(2.944, 6.128]","(4.443, 11.306]","(5.782, 11.819]","(59, 69]","(0, 59]","(0, 59]","(69, 79]","(89, 100]","(89, 100]",0.0,0.0,0.0,1.0,0.0
30,"(59, 69]","(59, 69]","(69, 79]","(59, 69]","(59, 69]","(69, 79]","(2.944, 6.128]","(14.214, 16.214]","(11.819, 15.153]","(59, 69]","(0, 59]","(0, 59]","(69, 79]","(89, 100]","(89, 100]",0.0,0.0,0.0,1.0,0.0
31,"(59, 69]","(59, 69]","(59, 69]","(59, 69]","(59, 69]","(69, 79]","(6.128, 9.428]","(16.214, 23.629]","(15.153, 18.543]","(59, 69]","(0, 59]","(0, 59]","(69, 79]","(89, 100]","(89, 100]",0.0,0.0,1.0,0.0,0.0
32,"(59, 69]","(69, 79]","(69, 79]","(59, 69]","(69, 79]","(69, 79]","(6.128, 9.428]","(4.443, 11.306]","(5.782, 11.819]","(59, 69]","(0, 59]","(0, 59]","(69, 79]","(89, 100]","(89, 100]",0.0,0.0,0.0,1.0,0.0
33,"(59, 69]","(59, 69]","(69, 79]","(59, 69]","(59, 69]","(69, 79]","(6.128, 9.428]","(14.214, 16.214]","(11.819, 15.153]","(59, 69]","(0, 59]","(0, 59]","(69, 79]","(89, 100]","(89, 100]",0.0,0.0,0.0,1.0,0.0
34,"(69, 79]","(69, 79]","(59, 69]","(79, 89]","(79, 89]","(69, 79]","(9.428, 29.0]","(16.214, 23.629]","(15.153, 18.543]","(59, 69]","(0, 59]","(0, 59]","(89, 100]","(89, 100]","(89, 100]",1.0,0.0,0.0,0.0,0.0
35,"(69, 79]","(69, 79]","(69, 79]","(79, 89]","(69, 79]","(69, 79]","(9.428, 29.0]","(4.443, 11.306]","(5.782, 11.819]","(59, 69]","(59, 69]","(0, 59]","(89, 100]","(89, 100]","(89, 100]",0.0,1.0,0.0,0.0,0.0
36,"(69, 79]","(69, 79]","(69, 79]","(79, 89]","(69, 79]","(69, 79]","(9.428, 29.0]","(4.443, 11.306]","(11.819, 15.153]","(59, 69]","(59, 69]","(0, 59]","(89, 100]","(89, 100]","(89, 100]",0.0,0.0,0.0,1.0,0.0
37,"(69, 79]","(59, 69]","(59, 69]","(69, 79]","(59, 69]","(69, 79]","(2.944, 6.128]","(16.214, 23.629]","(15.153, 18.543]","(69, 79]","(0, 59]","(0, 59]","(79, 89]","(89, 100]","(89, 100]",0.0,1.0,0.0,0.0,0.0
38,"(69, 79]","(69, 79]","(69, 79]","(69, 79]","(69, 79]","(69, 79]","(2.944, 6.128]","(11.306, 14.214]","(5.782, 11.819]","(69, 79]","(0, 59]","(0, 59]","(79, 89]","(89, 100]","(89, 100]",0.0,0.0,1.0,0.0,0.0
39,"(59, 69]","(59, 69]","(69, 79]","(59, 69]","(59, 69]","(69, 79]","(2.944, 6.128]","(14.214, 16.214]","(11.819, 15.153]","(59, 69]","(0, 59]","(0, 59]","(69, 79]","(89, 100]","(89, 100]",0.0,0.0,1.0,0.0,0.0
40,"(59, 69]","(69, 79]","(69, 79]","(59, 69]","(69, 79]","(69, 79]","(2.944, 6.128]","(11.306, 14.214]","(5.782, 11.819]","(59, 69]","(0, 59]","(0, 59]","(69, 79]","(89, 100]","(89, 100]",0.0,0.0,0.0,1.0,0.0
41,"(59, 69]","(69, 79]","(59, 69]","(59, 69]","(79, 89]","(69, 79]","(2.944, 6.128]","(16.214, 23.629]","(15.153, 18.543]","(59, 69]","(0, 59]","(0, 59]","(69, 79]","(89, 100]","(89, 100]",0.0,0.0,0.0,1.0,0.0
42,"(79, 89]","(59, 69]","(59, 69]","(79, 89]","(59, 69]","(69, 79]","(-0.001, 2.944]","(16.214, 23.629]","(15.153, 18.543]","(79, 89]","(0, 59]","(0, 59]","(79, 89]","(89, 100]","(89, 100]",0.0,1.0,0.0,0.0,0.0
43,"(79, 89]","(69, 79]","(69, 79]","(79, 89]","(69, 79]","(69, 79]","(-0.001, 2.944]","(11.306, 14.214]","(5.782, 11.819]","(79, 89]","(0, 59]","(0, 59]","(79, 89]","(89, 100]","(89, 100]",0.0,1.0,0.0,0.0,0.0
44,"(0, 59]","(69, 79]","(59, 69]","(59, 69]","(79, 89]","(69, 79]","(9.428, 29.0]","(16.214, 23.629]","(15.153, 18.543]","(0, 59]","(0, 59]","(0, 59]","(59, 69]","(89, 100]","(89, 100]",0.0,0.0,0.0,1.0,0.0
45,"(0, 59]","(0, 59]","(59, 69]","(59, 69]","(59, 69]","(69, 79]","(9.428, 29.0]","(16.214, 23.629]","(15.153, 18.543]","(0, 59]","(0, 59]","(0, 59]","(59, 69]","(69, 79]","(89, 100]",0.0,0.0,0.0,0.0,1.0
46,"(0, 59]","(69, 79]","(69, 79]","(59, 69]","(69, 79]","(69, 79]","(9.428, 29.0]","(4.443, 11.306]","(5.782, 11.819]","(0, 59]","(0, 59]","(0, 59]","(59, 69]","(89, 100]","(89, 100]",0.0,0.0,0.0,1.0,0.0
47,"(0, 59]","(59, 69]","(69, 79]","(59, 69]","(59, 69]","(69, 79]","(9.428, 29.0]","(14.214, 16.214]","(11.819, 15.153]","(0, 59]","(0, 59]","(0, 59]","(59, 69]","(89, 100]","(89, 100]",0.0,0.0,0.0,1.0,0.0
48,"(69, 79]","(69, 79]","(59, 69]","(69, 79]","(69, 79]","(69, 79]","(-0.001, 2.944]","(11.306, 14.214]","(15.153, 18.543]","(69, 79]","(0, 59]","(0, 59]","(79, 89]","(89, 100]","(89, 100]",0.0,0.0,1.0,0.0,0.0
49,"(69, 79]","(69, 79]","(69, 79]","(69, 79]","(69, 79]","(69, 79]","(-0.001, 2.944]","(4.443, 11.306]","(5.782, 11.819]","(69, 79]","(0, 59]","(0, 59]","(79, 89]","(89, 100]","(89, 100]",0.0,1.0,0.0,0.0,0.0
50,"(69, 79]","(69, 79]","(69, 79]","(69, 79]","(69, 79]","(69, 79]","(-0.001, 2.944]","(11.306, 14.214]","(11.819, 15.153]","(69, 79]","(0, 59]","(0, 59]","(79, 89]","(89, 100]","(89, 100]",0.0,0.0,1.0,0.0,0.0
51,"(69, 79]","(59, 69]","(59, 69]","(69, 79]","(59, 69]","(69, 79]","(-0.001, 2.944]","(16.214, 23.629]","(15.153, 18.543]","(69, 79]","(0, 59]","(0, 59]","(69, 79]","(89, 100]","(89, 100]",0.0,0.0,1.0,0.0,0.0
52,"(69, 79]","(59, 69]","(59, 69]","(69, 79]","(59, 69]","(69, 79]","(6.128, 9.428]","(16.214, 23.629]","(15.153, 18.543]","(59, 69]","(0, 59]","(0, 59]","(79, 89]","(89, 100]","(89, 100]",0.0,0.0,0.0,1.0,0.0
53,"(69, 79]","(69, 79]","(69, 79]","(69, 79]","(69, 79]","(69, 79]","(6.128, 9.428]","(4.443, 11.306]","(5.782, 11.819]","(59, 69]","(59, 69]","(0, 59]","(79, 89]","(89, 100]","(89, 100]",0.0,1.0,0.0,0.0,0.0
54,"(69, 79]","(69, 79]","(69, 79]","(69, 79]","(69, 79]","(69, 79]","(6.128, 9.428]","(11.306, 14.214]","(11.819, 15.153]","(59, 69]","(0, 59]","(0, 59]","(79, 89]","(89, 100]","(89, 100]",0.0,0.0,1.0,0.0,0.0
55,"(59, 69]","(69, 79]","(59, 69]","(59, 69]","(79, 89]","(69, 79]","(-0.001, 2.944]","(16.214, 23.629]","(15.153, 18.543]","(59, 69]","(0, 59]","(0, 59]","(59, 69]","(89, 100]","(89, 100]",0.0,0.0,0.0,1.0,0.0
56,"(59, 69]","(69, 79]","(69, 79]","(59, 69]","(69, 79]","(69, 79]","(-0.001, 2.944]","(4.443, 11.306]","(5.782, 11.819]","(59, 69]","(0, 59]","(0, 59]","(59, 69]","(89, 100]","(89, 100]",0.0,0.0,0.0,1.0,0.0
57,"(59, 69]","(59, 69]","(69, 79]","(59, 69]","(59, 69]","(69, 79]","(-0.001, 2.944]","(14.214, 16.214]","(11.819, 15.153]","(59, 69]","(0, 59]","(0, 59]","(59, 69]","(89, 100]","(89, 100]",0.0,0.0,0.0,1.0,0.0
58,"(89, 100]","(69, 79]","(59, 69]","(89, 100]","(79, 89]","(69, 79]","(-0.001, 2.944]","(16.214, 23.629]","(15.153, 18.543]","(79, 89]","(0, 59]","(0, 59]","(89, 100]","(89, 100]","(89, 100]",1.0,0.0,0.0,0.0,0.0
59,"(89, 100]","(69, 79]","(69, 79]","(89, 100]","(69, 79]","(69, 79]","(-0.001, 2.944]","(4.443, 11.306]","(5.782, 11.819]","(79, 89]","(0, 59]","(0, 59]","(89, 100]","(89, 100]","(89, 100]",1.0,0.0,0.0,0.0,0.0
60,"(89, 100]","(69, 79]","(69, 79]","(89, 100]","(69, 79]","(69, 79]","(-0.001, 2.944]","(11.306, 14.214]","(11.819, 15.153]","(79, 89]","(0, 59]","(0, 59]","(89, 100]","(89, 100]","(89, 100]",0.0,1.0,0.0,0.0,0.0
61,"(89, 100]","(59, 69]","(59, 69]","(89, 100]","(59, 69]","(69, 79]","(-0.001, 2.944]","(16.214, 23.629]","(15.153, 18.543]","(89, 100]","(0, 59]","(0, 59]","(89, 100]","(89, 100]","(89, 100]",1.0,0.0,0.0,0.0,0.0
62,"(89, 100]","(69, 79]","(69, 79]","(89, 100]","(69, 79]","(69, 79]","(-0.001, 2.944]","(11.306, 14.214]","(5.782, 11.819]","(89, 100]","(0, 59]","(0, 59]","(89, 100]","(89, 100]","(89, 100]",1.0,0.0,0.0,0.0,0.0
63,"(69, 79]","(59, 69]","(59, 69]","(69, 79]","(59, 69]","(69, 79]","(2.944, 6.128]","(16.214, 23.629]","(15.153, 18.543]","(59, 69]","(0, 59]","(0, 59]","(69, 79]","(89, 100]","(89, 100]",0.0,0.0,1.0,0.0,0.0
64,"(69, 79]","(69, 79]","(69, 79]","(69, 79]","(69, 79]","(69, 79]","(2.944, 6.128]","(4.443, 11.306]","(5.782, 11.819]","(59, 69]","(0, 59]","(0, 59]","(69, 79]","(89, 100]","(89, 100]",0.0,0.0,1.0,0.0,0.0
65,"(69, 79]","(59, 69]","(69, 79]","(69, 79]","(59, 69]","(69, 79]","(2.944, 6.128]","(14.214, 16.214]","(11.819, 15.153]","(59, 69]","(0, 59]","(0, 59]","(69, 79]","(89, 100]","(89, 100]",0.0,0.0,0.0,1.0,0.0
66,"(0, 59]","(69, 79]","(59, 69]","(0, 59]","(79, 89]","(69, 79]","(9.428, 29.0]","(16.214, 23.629]","(15.153, 18.543]","(0, 59]","(0, 59]","(0, 59]","(59, 69]","(89, 100]","(89, 100]",0.0,0.0,0.0,0.0,1.0
67,"(0, 59]","(59, 69]","(59, 69]","(0, 59]","(59, 69]","(69, 79]","(9.428, 29.0]","(16.214, 23.629]","(15.153, 18.543]","(0, 59]","(0, 59]","(0, 59]","(59, 69]","(89, 100]","(89, 100]",0.0,0.0,0.0,0.0,1.0
68,"(0, 59]","(59, 69]","(59, 69]","(0, 59]","(59, 69]","(69, 79]","(9.428, 29.0]","(16.214, 23.629]","(15.153, 18.543]","(0, 59]","(0, 59]","(0, 59]","(59, 69]","(89, 100]","(89, 100]",0.0,0.0,0.0,0.0,1.0
69,"(0, 59]","(59, 69]","(69, 79]","(0, 59]","(59, 69]","(69, 79]","(9.428, 29.0]","(14.214, 16.214]","(11.819, 15.153]","(0, 59]","(0, 59]","(0, 59]","(59, 69]","(89, 100]","(89, 100]",0.0,0.0,0.0,1.0,0.0
70,"(0, 59]","(59, 69]","(69, 79]","(0, 59]","(59, 69]","(69, 79]","(9.428, 29.0]","(14.214, 16.214]","(11.819, 15.153]","(0, 59]","(0, 59]","(0, 59]","(59, 69]","(89, 100]","(89, 100]",0.0,0.0,0.0,0.0,1.0
71,"(59, 69]","(69, 79]","(59, 69]","(59, 69]","(79, 89]","(69, 79]","(2.944, 6.128]","(16.214, 23.629]","(15.153, 18.543]","(59, 69]","(0, 59]","(0, 59]","(59, 69]","(89, 100]","(89, 100]",0.0,0.0,0.0,1.0,0.0
72,"(59, 69]","(59, 69]","(69, 79]","(59, 69]","(59, 69]","(69, 79]","(2.944, 6.128]","(14.214, 16.214]","(5.782, 11.819]","(59, 69]","(0, 59]","(0, 59]","(59, 69]","(89, 100]","(89, 100]",0.0,0.0,0.0,1.0,0.0
73,"(59, 69]","(69, 79]","(69, 79]","(59, 69]","(69, 79]","(69, 79]","(2.944, 6.128]","(11.306, 14.214]","(11.819, 15.153]","(59, 69]","(0, 59]","(0, 59]","(59, 69]","(89, 100]","(89, 100]",0.0,0.0,0.0,1.0,0.0
74,"(59, 69]","(69, 79]","(59, 69]","(59, 69]","(69, 79]","(69, 79]","(6.128, 9.428]","(11.306, 14.214]","(15.153, 18.543]","(59, 69]","(0, 59]","(0, 59]","(69, 79]","(89, 100]","(89, 100]",0.0,0.0,0.0,1.0,0.0
75,"(59, 69]","(69, 79]","(69, 79]","(59, 69]","(69, 79]","(69, 79]","(6.128, 9.428]","(4.443, 11.306]","(5.782, 11.819]","(59, 69]","(59, 69]","(0, 59]","(69, 79]","(79, 89]","(89, 100]",0.0,0.0,0.0,1.0,0.0
76,"(59, 69]","(69, 79]","(69, 79]","(59, 69]","(69, 79]","(69, 79]","(6.128, 9.428]","(4.443, 11.306]","(11.819, 15.153]","(59, 69]","(59, 69]","(0, 59]","(69, 79]","(89, 100]","(89, 100]",0.0,0.0,1.0,0.0,0.0
77,"(0, 59]","(59, 69]","(59, 69]","(0, 59]","(59, 69]","(69, 79]","(9.428, 29.0]","(16.214, 23.629]","(15.153, 18.543]","(0, 59]","(0, 59]","(0, 59]","(59, 69]","(89, 100]","(89, 100]",0.0,0.0,0.0,0.0,1.0
78,"(0, 59]","(59, 69]","(59, 69]","(0, 59]","(59, 69]","(69, 79]","(9.428, 29.0]","(16.214, 23.629]","(15.153, 18.543]","(0, 59]","(0, 59]","(0, 59]","(59, 69]","(89, 100]","(89, 100]",0.0,0.0,0.0,0.0,1.0
79,"(0, 59]","(59, 69]","(59, 69]","(0, 59]","(59, 69]","(69, 79]","(9.428, 29.0]","(16.214, 23.629]","(15.153, 18.543]","(0, 59]","(0, 59]","(0, 59]","(59, 69]","(89, 100]","(89, 100]",0.0,0.0,0.0,0.0,1.0
80,"(0, 59]","(69, 79]","(69, 79]","(0, 59]","(69, 79]","(69, 79]","(9.428, 29.0]","(4.443, 11.306]","(5.782, 11.819]","(0, 59]","(0, 59]","(0, 59]","(59, 69]","(89, 100]","(89, 100]",0.0,0.0,0.0,1.0,0.0
81,"(79, 89]","(69, 79]","(69, 79]","(79, 89]","(79, 89]","(79, 89]","(-0.001, 2.944]","(16.214, 23.629]","(15.153, 18.543]","(79, 89]","(0, 59]","(0, 59]","(89, 100]","(89, 100]","(89, 100]",0.0,1.0,0.0,0.0,0.0
82,"(79, 89]","(69, 79]","(69, 79]","(79, 89]","(79, 89]","(69, 79]","(-0.001, 2.944]","(11.306, 14.214]","(5.782, 11.819]","(79, 89]","(0, 59]","(0, 59]","(89, 100]","(89, 100]","(89, 100]",0.0,1.0,0.0,0.0,0.0
83,"(79, 89]","(69, 79]","(69, 79]","(79, 89]","(69, 79]","(69, 79]","(-0.001, 2.944]","(11.306, 14.214]","(11.819, 15.153]","(79, 89]","(0, 59]","(0, 59]","(89, 100]","(89, 100]","(89, 100]",1.0,0.0,0.0,0.0,0.0
84,"(69, 79]","(59, 69]","(59, 69]","(69, 79]","(59, 69]","(59, 69]","(-0.001, 2.944]","(4.443, 11.306]","(5.782, 11.819]","(69, 79]","(59, 69]","(59, 69]","(69, 79]","(69, 79]","(69, 79]",0.0,0.0,1.0,0.0,0.0
85,"(59, 69]","(59, 69]","(59, 69]","(59, 69]","(59, 69]","(69, 79]","(-0.001, 2.944]","(14.214, 16.214]","(15.153, 18.543]","(59, 69]","(0, 59]","(0, 59]","(69, 79]","(89, 100]","(89, 100]",0.0,0.0,1.0,0.0,0.0
86,"(59, 69]","(69, 79]","(69, 79]","(59, 69]","(69, 79]","(69, 79]","(-0.001, 2.944]","(11.306, 14.214]","(5.782, 11.819]","(59, 69]","(0, 59]","(0, 59]","(69, 79]","(89, 100]","(89, 100]",0.0,0.0,0.0,1.0,0.0
87,"(59, 69]","(69, 79]","(69, 79]","(59, 69]","(69, 79]","(69, 79]","(-0.001, 2.944]","(11.306, 14.214]","(11.819, 15.153]","(59, 69]","(0, 59]","(0, 59]","(69, 79]","(89, 100]","(89, 100]",0.0,0.0,0.0,1.0,0.0
88,"(69, 79]","(69, 79]","(69, 79]","(69, 79]","(79, 89]","(69, 79]","(2.944, 6.128]","(11.306, 14.214]","(5.782, 11.819]","(59, 69]","(0, 59]","(0, 59]","(69, 79]","(89, 100]","(89, 100]",0.0,0.0,0.0,1.0,0.0
89,"(69, 79]","(69, 79]","(69, 79]","(69, 79]","(79, 89]","(69, 79]","(2.944, 6.128]","(11.306, 14.214]","(11.819, 15.153]","(59, 69]","(0, 59]","(0, 59]","(69, 79]","(89, 100]","(89, 100]",0.0,0.0,1.0,0.0,0.0
90,"(59, 69]","(59, 69]","(59, 69]","(59, 69]","(59, 69]","(59, 69]","(-0.001, 2.944]","(4.443, 11.306]","(5.782, 11.819]","(59, 69]","(59, 69]","(59, 69]","(59, 69]","(69, 79]","(69, 79]",0.0,0.0,0.0,1.0,0.0
91,"(79, 89]","(69, 79]","(69, 79]","(69, 79]","(79, 89]","(79, 89]","(6.128, 9.428]","(16.214, 23.629]","(15.153, 18.543]","(69, 79]","(0, 59]","(0, 59]","(89, 100]","(89, 100]","(89, 100]",0.0,0.0,1.0,0.0,0.0
92,"(79, 89]","(69, 79]","(69, 79]","(69, 79]","(69, 79]","(69, 79]","(6.128, 9.428]","(4.443, 11.306]","(5.782, 11.819]","(69, 79]","(59, 69]","(59, 69]","(89, 100]","(89, 100]","(79, 89]",0.0,0.0,1.0,0.0,0.0
93,"(79, 89]","(69, 79]","(69, 79]","(69, 79]","(79, 89]","(69, 79]","(6.128, 9.428]","(16.214, 23.629]","(11.819, 15.153]","(69, 79]","(0, 59]","(0, 59]","(89, 100]","(89, 100]","(89, 100]",1.0,0.0,0.0,0.0,0.0
94,"(69, 79]","(69, 79]","(59, 69]","(69, 79]","(79, 89]","(69, 79]","(-0.001, 2.944]","(16.214, 23.629]","(15.153, 18.543]","(69, 79]","(0, 59]","(0, 59]","(69, 79]","(89, 100]","(89, 100]",0.0,0.0,1.0,0.0,0.0
95,"(69, 79]","(69, 79]","(69, 79]","(69, 79]","(69, 79]","(69, 79]","(-0.001, 2.944]","(11.306, 14.214]","(5.782, 11.819]","(69, 79]","(0, 59]","(0, 59]","(69, 79]","(89, 100]","(89, 100]",0.0,0.0,1.0,0.0,0.0
96,"(69, 79]","(69, 79]","(69, 79]","(69, 79]","(69, 79]","(69, 79]","(-0.001, 2.944]","(11.306, 14.214]","(11.819, 15.153]","(69, 79]","(0, 59]","(0, 59]","(69, 79]","(89, 100]","(89, 100]",0.0,0.0,1.0,0.0,0.0
97,"(0, 59]","(69, 79]","(59, 69]","(0, 59]","(79, 89]","(69, 79]","(9.428, 29.0]","(16.214, 23.629]","(15.153, 18.543]","(0, 59]","(0, 59]","(0, 59]","(59, 69]","(89, 100]","(89, 100]",0.0,0.0,0.0,1.0,0.0
98,"(0, 59]","(59, 69]","(59, 69]","(0, 59]","(59, 69]","(69, 79]","(9.428, 29.0]","(16.214, 23.629]","(15.153, 18.543]","(0, 59]","(0, 59]","(0, 59]","(59, 69]","(89, 100]","(89, 100]",0.0,0.0,0.0,0.0,1.0
99,"(0, 59]","(69, 79]","(69, 79]","(0, 59]","(69, 79]","(69, 79]","(9.428, 29.0]","(11.306, 14.214]","(11.819, 15.153]","(0, 59]","(0, 59]","(0, 59]","(59, 69]","(89, 100]","(89, 100]",0.0,0.0,0.0,1.0,0.0
100,"(0, 59]","(69, 79]","(69, 79]","(0, 59]","(69, 79]","(69, 79]","(9.428, 29.0]","(4.443, 11.306]","(5.782, 11.819]","(0, 59]","(0, 59]","(0, 59]","(59, 69]","(89, 100]","(89, 100]",0.0,0.0,0.0,1.0,0.0
101,"(0, 59]","(69, 79]","(69, 79]","(0, 59]","(69, 79]","(69, 79]","(9.428, 29.0]","(4.443, 11.306]","(5.782, 11.819]","(0, 59]","(0, 59]","(0, 59]","(59, 69]","(89, 100]","(89, 100]",0.0,0.0,0.0,0.0,1.0
102,"(0, 59]","(59, 69]","(69, 79]","(0, 59]","(59, 69]","(69, 79]","(9.428, 29.0]","(14.214, 16.214]","(11.819, 15.153]","(0, 59]","(0, 59]","(0, 59]","(59, 69]","(89, 100]","(89, 100]",0.0,0.0,0.0,0.0,1.0
103,"(69, 79]","(69, 79]","(69, 79]","(69, 79]","(69, 79]","(69, 79]","(6.128, 9.428]","(11.306, 14.214]","(5.782, 11.819]","(59, 69]","(0, 59]","(0, 59]","(79, 89]","(89, 100]","(89, 100]",0.0,0.0,0.0,1.0,0.0
104,"(69, 79]","(69, 79]","(69, 79]","(69, 79]","(69, 79]","(69, 79]","(6.128, 9.428]","(11.306, 14.214]","(11.819, 15.153]","(59, 69]","(0, 59]","(0, 59]","(79, 89]","(89, 100]","(89, 100]",0.0,1.0,0.0,0.0,0.0
105,"(0, 59]","(59, 69]","(59, 69]","(0, 59]","(59, 69]","(69, 79]","(-0.001, 2.944]","(16.214, 23.629]","(15.153, 18.543]","(0, 59]","(0, 59]","(0, 59]","(0, 59]","(89, 100]","(89, 100]",0.0,0.0,0.0,0.0,1.0
106,"(69, 79]","(59, 69]","(59, 69]","(69, 79]","(59, 69]","(69, 79]","(-0.001, 2.944]","(16.214, 23.629]","(15.153, 18.543]","(69, 79]","(0, 59]","(0, 59]","(69, 79]","(89, 100]","(89, 100]",0.0,0.0,1.0,0.0,0.0
107,"(59, 69]","(59, 69]","(59, 69]","(59, 69]","(59, 69]","(59, 69]","(-0.001, 2.944]","(4.443, 11.306]","(5.782, 11.819]","(59, 69]","(59, 69]","(59, 69]","(59, 69]","(69, 79]","(69, 79]",0.0,0.0,0.0,1.0,0.0
108,"(59, 69]","(59, 69]","(59, 69]","(59, 69]","(59, 69]","(69, 79]","(6.128, 9.428]","(14.214, 16.214]","(15.153, 18.543]","(59, 69]","(0, 59]","(0, 59]","(69, 79]","(89, 100]","(89, 100]",0.0,0.0,1.0,0.0,0.0
109,"(59, 69]","(69, 79]","(69, 79]","(59, 69]","(69, 79]","(69, 79]","(6.128, 9.428]","(11.306, 14.214]","(5.782, 11.819]","(59, 69]","(0, 59]","(0, 59]","(69, 79]","(89, 100]","(89, 100]",0.0,0.0,0.0,1.0,0.0
110,"(59, 69]","(59, 69]","(69, 79]","(59, 69]","(59, 69]","(69, 79]","(6.128, 9.428]","(14.214, 16.214]","(11.819, 15.153]","(59, 69]","(0, 59]","(0, 59]","(69, 79]","(89, 100]","(89, 100]",0.0,0.0,0.0,1.0,0.0
111,"(79, 89]","(69, 79]","(59, 69]","(79, 89]","(69, 79]","(69, 79]","(2.944, 6.128]","(11.306, 14.214]","(15.153, 18.543]","(69, 79]","(0, 59]","(0, 59]","(79, 89]","(89, 100]","(89, 100]",0.0,0.0,1.0,0.0,0.0
112,"(79, 89]","(69, 79]","(69, 79]","(79, 89]","(69, 79]","(69, 79]","(2.944, 6.128]","(4.443, 11.306]","(5.782, 11.819]","(69, 79]","(59, 69]","(0, 59]","(79, 89]","(79, 89]","(89, 100]",0.0,1.0,0.0,0.0,0.0
113,"(79, 89]","(69, 79]","(69, 79]","(79, 89]","(69, 79]","(69, 79]","(2.944, 6.128]","(11.306, 14.214]","(11.819, 15.153]","(69, 79]","(0, 59]","(0, 59]","(79, 89]","(89, 100]","(89, 100]",0.0,1.0,0.0,0.0,0.0
114,"(59, 69]","(69, 79]","(59, 69]","(59, 69]","(69, 79]","(69, 79]","(2.944, 6.128]","(11.306, 14.214]","(15.153, 18.543]","(59, 69]","(0, 59]","(0, 59]","(69, 79]","(89, 100]","(89, 100]",0.0,0.0,0.0,1.0,0.0
115,"(59, 69]","(69, 79]","(69, 79]","(59, 69]","(69, 79]","(69, 79]","(2.944, 6.128]","(11.306, 14.214]","(5.782, 11.819]","(59, 69]","(0, 59]","(0, 59]","(69, 79]","(89, 100]","(89, 100]",0.0,0.0,0.0,1.0,0.0
116,"(59, 69]","(69, 79]","(69, 79]","(59, 69]","(69, 79]","(69, 79]","(2.944, 6.128]","(11.306, 14.214]","(11.819, 15.153]","(59, 69]","(0, 59]","(0, 59]","(69, 79]","(89, 100]","(89, 100]",0.0,0.0,1.0,0.0,0.0
117,"(69, 79]","(59, 69]","(59, 69]","(69, 79]","(59, 69]","(69, 79]","(-0.001, 2.944]","(16.214, 23.629]","(15.153, 18.543]","(69, 79]","(0, 59]","(0, 59]","(69, 79]","(89, 100]","(89, 100]",0.0,0.0,1.0,0.0,0.0
118,"(69, 79]","(69, 79]","(69, 79]","(69, 79]","(69, 79]","(69, 79]","(-0.001, 2.944]","(11.306, 14.214]","(5.782, 11.819]","(69, 79]","(0, 59]","(0, 59]","(69, 79]","(89, 100]","(89, 100]",0.0,0.0,1.0,0.0,0.0
119,"(69, 79]","(69, 79]","(69, 79]","(69, 79]","(69, 79]","(69, 79]","(-0.001, 2.944]","(11.306, 14.214]","(11.819, 15.153]","(69, 79]","(0, 59]","(0, 59]","(69, 79]","(89, 100]","(89, 100]",0.0,0.0,1.0,0.0,0.0
120,"(89, 100]","(59, 69]","(69, 79]","(89, 100]","(59, 69]","(69, 79]","(-0.001, 2.944]","(14.214, 16.214]","(5.782, 11.819]","(89, 100]","(0, 59]","(0, 59]","(89, 100]","(89, 100]","(89, 100]",1.0,0.0,0.0,0.0,0.0
121,"(89, 100]","(69, 79]","(69, 79]","(89, 100]","(69, 79]","(69, 79]","(-0.001, 2.944]","(4.443, 11.306]","(11.819, 15.153]","(89, 100]","(59, 69]","(0, 59]","(89, 100]","(89, 100]","(89, 100]",1.0,0.0,0.0,0.0,0.0
122,"(69, 79]","(69, 79]","(59, 69]","(69, 79]","(69, 79]","(69, 79]","(6.128, 9.428]","(11.306, 14.214]","(15.153, 18.543]","(69, 79]","(0, 59]","(0, 59]","(79, 89]","(89, 100]","(89, 100]",0.0,0.0,1.0,0.0,0.0
123,"(69, 79]","(69, 79]","(69, 79]","(69, 79]","(69, 79]","(69, 79]","(6.128, 9.428]","(4.443, 11.306]","(5.782, 11.819]","(69, 79]","(59, 69]","(0, 59]","(79, 89]","(89, 100]","(89, 100]",0.0,1.0,0.0,0.0,0.0
124,"(69, 79]","(69, 79]","(69, 79]","(69, 79]","(69, 79]","(69, 79]","(6.128, 9.428]","(4.443, 11.306]","(11.819, 15.153]","(69, 79]","(59, 69]","(0, 59]","(79, 89]","(89, 100]","(89, 100]",0.0,0.0,1.0,0.0,0.0
125,"(69, 79]","(69, 79]","(69, 79]","(69, 79]","(69, 79]","(69, 79]","(-0.001, 2.944]","(4.443, 11.306]","(11.819, 15.153]","(69, 79]","(59, 69]","(0, 59]","(79, 89]","(89, 100]","(89, 100]",0.0,1.0,0.0,0.0,0.0
126,"(69, 79]","(69, 79]","(69, 79]","(69, 79]","(69, 79]","(69, 79]","(-0.001, 2.944]","(4.443, 11.306]","(5.782, 11.819]","(69, 79]","(59, 69]","(0, 59]","(79, 89]","(89, 100]","(89, 100]",0.0,0.0,1.0,0.0,0.0
127,"(59, 69]","(69, 79]","(59, 69]","(59, 69]","(69, 79]","(69, 79]","(6.128, 9.428]","(11.306, 14.214]","(15.153, 18.543]","(59, 69]","(0, 59]","(0, 59]","(79, 89]","(89, 100]","(89, 100]",0.0,0.0,0.0,1.0,0.0
128,"(59, 69]","(69, 79]","(69, 79]","(59, 69]","(69, 79]","(69, 79]","(6.128, 9.428]","(4.443, 11.306]","(5.782, 11.819]","(59, 69]","(59, 69]","(0, 59]","(79, 89]","(89, 100]","(89, 100]",0.0,1.0,0.0,0.0,0.0
129,"(59, 69]","(69, 79]","(69, 79]","(59, 69]","(69, 79]","(69, 79]","(6.128, 9.428]","(4.443, 11.306]","(11.819, 15.153]","(59, 69]","(59, 69]","(0, 59]","(79, 89]","(89, 100]","(89, 100]",0.0,0.0,0.0,1.0,0.0
130,"(79, 89]","(69, 79]","(69, 79]","(79, 89]","(79, 89]","(69, 79]","(2.944, 6.128]","(11.306, 14.214]","(5.782, 11.819]","(79, 89]","(0, 59]","(0, 59]","(89, 100]","(89, 100]","(89, 100]",0.0,1.0,0.0,0.0,0.0
131,"(79, 89]","(69, 79]","(69, 79]","(79, 89]","(79, 89]","(69, 79]","(2.944, 6.128]","(11.306, 14.214]","(11.819, 15.153]","(79, 89]","(0, 59]","(0, 59]","(89, 100]","(89, 100]","(89, 100]",1.0,0.0,0.0,0.0,0.0
132,"(79, 89]","(69, 79]","(69, 79]","(79, 89]","(69, 79]","(69, 79]","(2.944, 6.128]","(4.443, 11.306]","(11.819, 15.153]","(79, 89]","(59, 69]","(0, 59]","(89, 100]","(89, 100]","(89, 100]",1.0,0.0,0.0,0.0,0.0
133,"(79, 89]","(59, 69]","(69, 79]","(79, 89]","(59, 69]","(69, 79]","(2.944, 6.128]","(14.214, 16.214]","(5.782, 11.819]","(79, 89]","(0, 59]","(0, 59]","(89, 100]","(89, 100]","(89, 100]",0.0,1.0,0.0,0.0,0.0
134,"(89, 100]","(59, 69]","(59, 69]","(89, 100]","(59, 69]","(69, 79]","(-0.001, 2.944]","(16.214, 23.629]","(15.153, 18.543]","(89, 100]","(0, 59]","(0, 59]","(89, 100]","(89, 100]","(89, 100]",1.0,0.0,0.0,0.0,0.0
135,"(59, 69]","(69, 79]","(69, 79]","(69, 79]","(79, 89]","(79, 89]","(9.428, 29.0]","(16.214, 23.629]","(15.153, 18.543]","(0, 59]","(0, 59]","(0, 59]","(79, 89]","(89, 100]","(89, 100]",0.0,1.0,0.0,0.0,0.0
136,"(59, 69]","(69, 79]","(69, 79]","(69, 79]","(69, 79]","(69, 79]","(9.428, 29.0]","(4.443, 11.306]","(5.782, 11.819]","(0, 59]","(59, 69]","(59, 69]","(79, 89]","(89, 100]","(79, 89]",0.0,0.0,1.0,0.0,0.0
137,"(59, 69]","(69, 79]","(69, 79]","(69, 79]","(79, 89]","(69, 79]","(9.428, 29.0]","(11.306, 14.214]","(5.782, 11.819]","(0, 59]","(0, 59]","(0, 59]","(79, 89]","(89, 100]","(89, 100]",0.0,0.0,0.0,0.0,1.0
138,"(59, 69]","(69, 79]","(69, 79]","(69, 79]","(79, 89]","(69, 79]","(9.428, 29.0]","(11.306, 14.214]","(11.819, 15.153]","(0, 59]","(0, 59]","(0, 59]","(79, 89]","(89, 100]","(89, 100]",0.0,1.0,0.0,0.0,0.0
139,"(59, 69]","(69, 79]","(59, 69]","(59, 69]","(69, 79]","(69, 79]","(2.944, 6.128]","(11.306, 14.214]","(15.153, 18.543]","(59, 69]","(0, 59]","(0, 59]","(69, 79]","(89, 100]","(89, 100]",0.0,0.0,0.0,1.0,0.0
140,"(59, 69]","(69, 79]","(69, 79]","(59, 69]","(69, 79]","(69, 79]","(2.944, 6.128]","(4.443, 11.306]","(5.782, 11.819]","(59, 69]","(59, 69]","(0, 59]","(69, 79]","(89, 100]","(89, 100]",0.0,0.0,1.0,0.0,0.0
141,"(59, 69]","(69, 79]","(69, 79]","(59, 69]","(69, 79]","(69, 79]","(2.944, 6.128]","(4.443, 11.306]","(11.819, 15.153]","(59, 69]","(59, 69]","(0, 59]","(69, 79]","(89, 100]","(89, 100]",0.0,0.0,0.0,1.0,0.0
142,"(59, 69]","(59, 69]","(59, 69]","(59, 69]","(59, 69]","(69, 79]","(-0.001, 2.944]","(16.214, 23.629]","(15.153, 18.543]","(59, 69]","(0, 59]","(0, 59]","(59, 69]","(89, 100]","(89, 100]",0.0,0.0,0.0,1.0,0.0
143,"(59, 69]","(69, 79]","(69, 79]","(59, 69]","(69, 79]","(69, 79]","(-0.001, 2.944]","(11.306, 14.214]","(5.782, 11.819]","(59, 69]","(0, 59]","(0, 59]","(59, 69]","(89, 100]","(89, 100]",0.0,0.0,0.0,1.0,0.0
144,"(69, 79]","(59, 69]","(59, 69]","(69, 79]","(59, 69]","(69, 79]","(-0.001, 2.944]","(16.214, 23.629]","(15.153, 18.543]","(69, 79]","(0, 59]","(0, 59]","(69, 79]","(89, 100]","(89, 100]",0.0,0.0,1.0,0.0,0.0
145,"(69, 79]","(69, 79]","(69, 79]","(69, 79]","(69, 79]","(69, 79]","(-0.001, 2.944]","(11.306, 14.214]","(5.782, 11.819]","(69, 79]","(0, 59]","(0, 59]","(69, 79]","(89, 100]","(89, 100]",0.0,0.0,1.0,0.0,0.0
146,"(69, 79]","(59, 69]","(59, 69]","(69, 79]","(59, 69]","(69, 79]","(2.944, 6.128]","(14.214, 16.214]","(15.153, 18.543]","(59, 69]","(0, 59]","(0, 59]","(69, 79]","(89, 100]","(89, 100]",0.0,0.0,1.0,0.0,0.0
147,"(69, 79]","(69, 79]","(69, 79]","(69, 79]","(69, 79]","(69, 79]","(2.944, 6.128]","(4.443, 11.306]","(5.782, 11.819]","(59, 69]","(0, 59]","(0, 59]","(69, 79]","(89, 100]","(89, 100]",0.0,0.0,0.0,1.0,0.0
148,"(69, 79]","(59, 69]","(69, 79]","(69, 79]","(59, 69]","(69, 79]","(2.944, 6.128]","(14.214, 16.214]","(11.819, 15.153]","(59, 69]","(0, 59]","(0, 59]","(69, 79]","(89, 100]","(89, 100]",0.0,0.0,1.0,0.0,0.0
149,"(79, 89]","(69, 79]","(69, 79]","(79, 89]","(79, 89]","(69, 79]","(6.128, 9.428]","(11.306, 14.214]","(5.782, 11.819]","(79, 89]","(0, 59]","(0, 59]","(89, 100]","(89, 100]","(89, 100]",0.0,1.0,0.0,0.0,0.0
150,"(79, 89]","(69, 79]","(69, 79]","(79, 89]","(79, 89]","(69, 79]","(6.128, 9.428]","(11.306, 14.214]","(11.819, 15.153]","(79, 89]","(0, 59]","(0, 59]","(89, 100]","(89, 100]","(89, 100]",1.0,0.0,0.0,0.0,0.0
151,"(79, 89]","(69, 79]","(69, 79]","(79, 89]","(79, 89]","(69, 79]","(6.128, 9.428]","(11.306, 14.214]","(5.782, 11.819]","(79, 89]","(0, 59]","(0, 59]","(89, 100]","(89, 100]","(89, 100]",0.0,1.0,0.0,0.0,0.0
152,"(79, 89]","(69, 79]","(69, 79]","(79, 89]","(79, 89]","(69, 79]","(6.128, 9.428]","(11.306, 14.214]","(11.819, 15.153]","(79, 89]","(0, 59]","(0, 59]","(89, 100]","(89, 100]","(89, 100]",1.0,0.0,0.0,0.0,0.0
153,"(69, 79]","(69, 79]","(59, 69]","(79, 89]","(69, 79]","(69, 79]","(2.944, 6.128]","(11.306, 14.214]","(15.153, 18.543]","(69, 79]","(0, 59]","(0, 59]","(79, 89]","(89, 100]","(89, 100]",0.0,0.0,1.0,0.0,0.0
154,"(69, 79]","(69, 79]","(69, 79]","(79, 89]","(69, 79]","(69, 79]","(2.944, 6.128]","(4.443, 11.306]","(5.782, 11.819]","(69, 79]","(59, 69]","(0, 59]","(79, 89]","(79, 89]","(89, 100]",0.0,1.0,0.0,0.0,0.0
155,"(69, 79]","(69, 79]","(69, 79]","(79, 89]","(69, 79]","(69, 79]","(2.944, 6.128]","(11.306, 14.214]","(11.819, 15.153]","(69, 79]","(0, 59]","(0, 59]","(79, 89]","(89, 100]","(89, 100]",0.0,1.0,0.0,0.0,0.0
156,"(79, 89]","(59, 69]","(59, 69]","(79, 89]","(59, 69]","(69, 79]","(-0.001, 2.944]","(16.214, 23.629]","(15.153, 18.543]","(79, 89]","(0, 59]","(0, 59]","(79, 89]","(89, 100]","(89, 100]",0.0,1.0,0.0,0.0,0.0
157,"(79, 89]","(69, 79]","(69, 79]","(79, 89]","(69, 79]","(69, 79]","(-0.001, 2.944]","(11.306, 14.214]","(5.782, 11.819]","(79, 89]","(0, 59]","(0, 59]","(79, 89]","(89, 100]","(89, 100]",0.0,1.0,0.0,0.0,0.0
158,"(69, 79]","(59, 69]","(59, 69]","(69, 79]","(59, 69]","(69, 79]","(9.428, 29.0]","(16.214, 23.629]","(15.153, 18.543]","(59, 69]","(0, 59]","(0, 59]","(79, 89]","(89, 100]","(89, 100]",0.0,0.0,0.0,1.0,0.0
159,"(69, 79]","(69, 79]","(69, 79]","(69, 79]","(69, 79]","(69, 79]","(9.428, 29.0]","(4.443, 11.306]","(5.782, 11.819]","(59, 69]","(0, 59]","(0, 59]","(79, 89]","(89, 100]","(89, 100]",0.0,1.0,0.0,0.0,0.0
160,"(59, 69]","(59, 69]","(59, 69]","(59, 69]","(59, 69]","(69, 79]","(-0.001, 2.944]","(14.214, 16.214]","(15.153, 18.543]","(59, 69]","(0, 59]","(0, 59]","(59, 69]","(89, 100]","(89, 100]",0.0,0.0,0.0,1.0,0.0
161,"(59, 69]","(69, 79]","(69, 79]","(59, 69]","(69, 79]","(69, 79]","(-0.001, 2.944]","(11.306, 14.214]","(5.782, 11.819]","(59, 69]","(0, 59]","(0, 59]","(59, 69]","(89, 100]","(89, 100]",0.0,0.0,0.0,1.0,0.0
162,"(59, 69]","(59, 69]","(69, 79]","(59, 69]","(59, 69]","(69, 79]","(-0.001, 2.944]","(14.214, 16.214]","(11.819, 15.153]","(59, 69]","(0, 59]","(0, 59]","(59, 69]","(89, 100]","(89, 100]",0.0,0.0,0.0,1.0,0.0
163,"(79, 89]","(69, 79]","(59, 69]","(79, 89]","(69, 79]","(69, 79]","(-0.001, 2.944]","(4.443, 11.306]","(15.153, 18.543]","(79, 89]","(59, 69]","(0, 59]","(79, 89]","(79, 89]","(89, 100]",0.0,1.0,0.0,0.0,0.0
164,"(79, 89]","(69, 79]","(69, 79]","(79, 89]","(69, 79]","(69, 79]","(-0.001, 2.944]","(4.443, 11.306]","(5.782, 11.819]","(79, 89]","(0, 59]","(0, 59]","(79, 89]","(89, 100]","(89, 100]",0.0,1.0,0.0,0.0,0.0
165,"(69, 79]","(59, 69]","(59, 69]","(69, 79]","(59, 69]","(69, 79]","(6.128, 9.428]","(14.214, 16.214]","(15.153, 18.543]","(59, 69]","(0, 59]","(0, 59]","(79, 89]","(89, 100]","(89, 100]",0.0,1.0,0.0,0.0,0.0
166,"(69, 79]","(69, 79]","(69, 79]","(69, 79]","(69, 79]","(69, 79]","(6.128, 9.428]","(4.443, 11.306]","(5.782, 11.819]","(59, 69]","(59, 69]","(0, 59]","(79, 89]","(89, 100]","(89, 100]",0.0,0.0,1.0,0.0,0.0
167,"(69, 79]","(69, 79]","(69, 79]","(69, 79]","(69, 79]","(69, 79]","(6.128, 9.428]","(4.443, 11.306]","(11.819, 15.153]","(59, 69]","(59, 69]","(0, 59]","(79, 89]","(89, 100]","(89, 100]",0.0,0.0,0.0,1.0,0.0
168,"(69, 79]","(69, 79]","(69, 79]","(69, 79]","(69, 79]","(69, 79]","(6.128, 9.428]","(11.306, 14.214]","(5.782, 11.819]","(69, 79]","(0, 59]","(0, 59]","(79, 89]","(89, 100]","(89, 100]",0.0,0.0,1.0,0.0,0.0
169,"(69, 79]","(69, 79]","(69, 79]","(69, 79]","(69, 79]","(69, 79]","(6.128, 9.428]","(11.306, 14.214]","(11.819, 15.153]","(69, 79]","(0, 59]","(0, 59]","(79, 89]","(89, 100]","(89, 100]",0.0,1.0,0.0,0.0,0.0
170,"(69, 79]","(59, 69]","(59, 69]","(69, 79]","(59, 69]","(59, 69]","(-0.001, 2.944]","(4.443, 11.306]","(5.782, 11.819]","(69, 79]","(59, 69]","(59, 69]","(69, 79]","(69, 79]","(69, 79]",0.0,0.0,1.0,0.0,0.0
171,"(79, 89]","(69, 79]","(59, 69]","(69, 79]","(69, 79]","(69, 79]","(6.128, 9.428]","(11.306, 14.214]","(15.153, 18.543]","(69, 79]","(0, 59]","(0, 59]","(89, 100]","(89, 100]","(89, 100]",0.0,0.0,1.0,0.0,0.0
172,"(79, 89]","(69, 79]","(69, 79]","(69, 79]","(69, 79]","(69, 79]","(6.128, 9.428]","(4.443, 11.306]","(5.782, 11.819]","(69, 79]","(59, 69]","(0, 59]","(89, 100]","(79, 89]","(89, 100]",0.0,0.0,1.0,0.0,0.0
173,"(79, 89]","(69, 79]","(69, 79]","(69, 79]","(69, 79]","(69, 79]","(6.128, 9.428]","(11.306, 14.214]","(11.819, 15.153]","(69, 79]","(0, 59]","(0, 59]","(89, 100]","(89, 100]","(89, 100]",1.0,0.0,0.0,0.0,0.0
174,"(79, 89]","(69, 79]","(69, 79]","(79, 89]","(79, 89]","(79, 89]","(6.128, 9.428]","(16.214, 23.629]","(15.153, 18.543]","(69, 79]","(0, 59]","(0, 59]","(89, 100]","(89, 100]","(89, 100]",1.0,0.0,0.0,0.0,0.0
175,"(79, 89]","(69, 79]","(69, 79]","(79, 89]","(69, 79]","(69, 79]","(6.128, 9.428]","(4.443, 11.306]","(5.782, 11.819]","(69, 79]","(0, 59]","(0, 59]","(89, 100]","(89, 100]","(89, 100]",0.0,0.0,1.0,0.0,0.0
176,"(79, 89]","(69, 79]","(69, 79]","(79, 89]","(79, 89]","(69, 79]","(6.128, 9.428]","(11.306, 14.214]","(11.819, 15.153]","(69, 79]","(0, 59]","(0, 59]","(89, 100]","(89, 100]","(89, 100]",0.0,1.0,0.0,0.0,0.0
177,"(59, 69]","(59, 69]","(59, 69]","(59, 69]","(59, 69]","(69, 79]","(-0.001, 2.944]","(16.214, 23.629]","(15.153, 18.543]","(59, 69]","(0, 59]","(0, 59]","(59, 69]","(89, 100]","(89, 100]",0.0,0.0,0.0,1.0,0.0
178,"(59, 69]","(69, 79]","(69, 79]","(59, 69]","(69, 79]","(69, 79]","(-0.001, 2.944]","(4.443, 11.306]","(5.782, 11.819]","(59, 69]","(0, 59]","(0, 59]","(59, 69]","(89, 100]","(89, 100]",0.0,0.0,0.0,1.0,0.0
179,"(59, 69]","(59, 69]","(69, 79]","(59, 69]","(59, 69]","(69, 79]","(-0.001, 2.944]","(14.214, 16.214]","(11.819, 15.153]","(59, 69]","(0, 59]","(0, 59]","(59, 69]","(89, 100]","(89, 100]",0.0,0.0,0.0,1.0,0.0
180,"(0, 59]","(69, 79]","(69, 79]","(59, 69]","(69, 79]","(69, 79]","(9.428, 29.0]","(4.443, 11.306]","(5.782, 11.819]","(0, 59]","(59, 69]","(59, 69]","(69, 79]","(89, 100]","(79, 89]",0.0,0.0,1.0,0.0,0.0
181,"(0, 59]","(69, 79]","(69, 79]","(59, 69]","(69, 79]","(69, 79]","(9.428, 29.0]","(11.306, 14.214]","(5.782, 11.819]","(0, 59]","(0, 59]","(0, 59]","(69, 79]","(89, 100]","(89, 100]",0.0,0.0,0.0,0.0,1.0
182,"(0, 59]","(69, 79]","(69, 79]","(59, 69]","(69, 79]","(69, 79]","(9.428, 29.0]","(11.306, 14.214]","(11.819, 15.153]","(0, 59]","(0, 59]","(0, 59]","(69, 79]","(89, 100]","(89, 100]",0.0,0.0,0.0,1.0,0.0
183,"(69, 79]","(59, 69]","(59, 69]","(69, 79]","(59, 69]","(69, 79]","(6.128, 9.428]","(14.214, 16.214]","(15.153, 18.543]","(59, 69]","(0, 59]","(0, 59]","(79, 89]","(89, 100]","(89, 100]",0.0,0.0,0.0,1.0,0.0
184,"(69, 79]","(69, 79]","(69, 79]","(69, 79]","(69, 79]","(69, 79]","(6.128, 9.428]","(4.443, 11.306]","(5.782, 11.819]","(59, 69]","(0, 59]","(0, 59]","(79, 89]","(89, 100]","(89, 100]",0.0,0.0,1.0,0.0,0.0
185,"(69, 79]","(59, 69]","(69, 79]","(69, 79]","(59, 69]","(69, 79]","(6.128, 9.428]","(14.214, 16.214]","(11.819, 15.153]","(59, 69]","(0, 59]","(0, 59]","(79, 89]","(89, 100]","(89, 100]",0.0,1.0,0.0,0.0,0.0
186,"(0, 59]","(69, 79]","(69, 79]","(59, 69]","(79, 89]","(79, 89]","(9.428, 29.0]","(16.214, 23.629]","(15.153, 18.543]","(0, 59]","(0, 59]","(0, 59]","(59, 69]","(89, 100]","(89, 100]",0.0,0.0,0.0,0.0,1.0
187,"(0, 59]","(69, 79]","(69, 79]","(59, 69]","(69, 79]","(69, 79]","(9.428, 29.0]","(4.443, 11.306]","(5.782, 11.819]","(0, 59]","(59, 69]","(0, 59]","(59, 69]","(89, 100]","(89, 100]",0.0,0.0,0.0,1.0,0.0
188,"(0, 59]","(69, 79]","(69, 79]","(59, 69]","(69, 79]","(69, 79]","(9.428, 29.0]","(4.443, 11.306]","(11.819, 15.153]","(0, 59]","(59, 69]","(0, 59]","(59, 69]","(89, 100]","(89, 100]",0.0,0.0,0.0,1.0,0.0
189,"(59, 69]","(59, 69]","(59, 69]","(59, 69]","(59, 69]","(69, 79]","(2.944, 6.128]","(16.214, 23.629]","(15.153, 18.543]","(59, 69]","(0, 59]","(0, 59]","(69, 79]","(89, 100]","(89, 100]",0.0,0.0,0.0,1.0,0.0
190,"(59, 69]","(69, 79]","(69, 79]","(59, 69]","(69, 79]","(69, 79]","(2.944, 6.128]","(11.306, 14.214]","(5.782, 11.819]","(59, 69]","(0, 59]","(0, 59]","(69, 79]","(89, 100]","(89, 100]",0.0,0.0,1.0,0.0,0.0
191,"(69, 79]","(69, 79]","(69, 79]","(69, 79]","(79, 89]","(79, 89]","(6.128, 9.428]","(16.214, 23.629]","(15.153, 18.543]","(59, 69]","(0, 59]","(0, 59]","(79, 89]","(89, 100]","(89, 100]",0.0,1.0,0.0,0.0,0.0
192,"(69, 79]","(69, 79]","(69, 79]","(69, 79]","(69, 79]","(69, 79]","(6.128, 9.428]","(11.306, 14.214]","(5.782, 11.819]","(59, 69]","(0, 59]","(0, 59]","(79, 89]","(89, 100]","(89, 100]",0.0,0.0,0.0,1.0,0.0
193,"(69, 79]","(69, 79]","(69, 79]","(69, 79]","(69, 79]","(69, 79]","(6.128, 9.428]","(11.306, 14.214]","(11.819, 15.153]","(59, 69]","(0, 59]","(0, 59]","(79, 89]","(89, 100]","(89, 100]",0.0,0.0,1.0,0.0,0.0
194,"(79, 89]","(69, 79]","(69, 79]","(79, 89]","(69, 79]","(69, 79]","(-0.001, 2.944]","(11.306, 14.214]","(5.782, 11.819]","(79, 89]","(0, 59]","(0, 59]","(79, 89]","(89, 100]","(89, 100]",0.0,1.0,0.0,0.0,0.0
195,"(79, 89]","(69, 79]","(69, 79]","(79, 89]","(69, 79]","(69, 79]","(-0.001, 2.944]","(11.306, 14.214]","(11.819, 15.153]","(79, 89]","(0, 59]","(0, 59]","(79, 89]","(89, 100]","(89, 100]",0.0,1.0,0.0,0.0,0.0
196,"(79, 89]","(69, 79]","(69, 79]","(79, 89]","(79, 89]","(79, 89]","(-0.001, 2.944]","(16.214, 23.629]","(15.153, 18.543]","(79, 89]","(0, 59]","(0, 59]","(79, 89]","(89, 100]","(89, 100]",0.0,1.0,0.0,0.0,0.0
197,"(79, 89]","(59, 69]","(69, 79]","(79, 89]","(59, 69]","(69, 79]","(-0.001, 2.944]","(14.214, 16.214]","(5.782, 11.819]","(79, 89]","(0, 59]","(0, 59]","(79, 89]","(89, 100]","(89, 100]",0.0,1.0,0.0,0.0,0.0
198,"(79, 89]","(69, 79]","(69, 79]","(79, 89]","(69, 79]","(69, 79]","(-0.001, 2.944]","(11.306, 14.214]","(11.819, 15.153]","(79, 89]","(0, 59]","(0, 59]","(79, 89]","(89, 100]","(89, 100]",0.0,1.0,0.0,0.0,0.0
199,"(69, 79]","(59, 69]","(59, 69]","(69, 79]","(59, 69]","(69, 79]","(2.944, 6.128]","(16.214, 23.629]","(15.153, 18.543]","(59, 69]","(0, 59]","(0, 59]","(69, 79]","(89, 100]","(89, 100]",0.0,0.0,1.0,0.0,0.0
200,"(69, 79]","(69, 79]","(69, 79]","(69, 79]","(69, 79]","(69, 79]","(2.944, 6.128]","(4.443, 11.306]","(5.782, 11.819]","(59, 69]","(0, 59]","(0, 59]","(69, 79]","(89, 100]","(89, 100]",0.0,0.0,0.0,1.0,0.0
201,"(69, 79]","(69, 79]","(69, 79]","(69, 79]","(69, 79]","(69, 79]","(2.944, 6.128]","(11.306, 14.214]","(11.819, 15.153]","(59, 69]","(0, 59]","(0, 59]","(69, 79]","(89, 100]","(89, 100]",0.0,0.0,1.0,0.0,0.0
202,"(69, 79]","(59, 69]","(59, 69]","(69, 79]","(59, 69]","(69, 79]","(2.944, 6.128]","(14.214, 16.214]","(15.153, 18.543]","(69, 79]","(0, 59]","(0, 59]","(79, 89]","(89, 100]","(89, 100]",0.0,1.0,0.0,0.0,0.0
203,"(69, 79]","(69, 79]","(69, 79]","(69, 79]","(69, 79]","(69, 79]","(2.944, 6.128]","(4.443, 11.306]","(5.782, 11.819]","(69, 79]","(0, 59]","(0, 59]","(79, 89]","(89, 100]","(89, 100]",0.0,0.0,1.0,0.0,0.0
204,"(69, 79]","(59, 69]","(69, 79]","(69, 79]","(59, 69]","(69, 79]","(2.944, 6.128]","(14.214, 16.214]","(11.819, 15.153]","(69, 79]","(0, 59]","(0, 59]","(79, 89]","(89, 100]","(89, 100]",0.0,0.0,1.0,0.0,0.0
205,"(69, 79]","(59, 69]","(59, 69]","(69, 79]","(59, 69]","(69, 79]","(2.944, 6.128]","(14.214, 16.214]","(15.153, 18.543]","(69, 79]","(0, 59]","(0, 59]","(69, 79]","(89, 100]","(89, 100]",0.0,0.0,1.0,0.0,0.0
206,"(69, 79]","(69, 79]","(69, 79]","(69, 79]","(69, 79]","(69, 79]","(2.944, 6.128]","(4.443, 11.306]","(5.782, 11.819]","(69, 79]","(0, 59]","(0, 59]","(69, 79]","(89, 100]","(89, 100]",0.0,0.0,1.0,0.0,0.0
207,"(69, 79]","(69, 79]","(69, 79]","(69, 79]","(69, 79]","(69, 79]","(2.944, 6.128]","(11.306, 14.214]","(11.819, 15.153]","(69, 79]","(0, 59]","(0, 59]","(69, 79]","(89, 100]","(89, 100]",0.0,0.0,1.0,0.0,0.0
208,"(0, 59]","(69, 79]","(59, 69]","(59, 69]","(69, 79]","(69, 79]","(9.428, 29.0]","(11.306, 14.214]","(15.153, 18.543]","(0, 59]","(0, 59]","(0, 59]","(69, 79]","(89, 100]","(89, 100]",0.0,0.0,0.0,0.0,1.0
209,"(0, 59]","(69, 79]","(69, 79]","(59, 69]","(69, 79]","(69, 79]","(9.428, 29.0]","(11.306, 14.214]","(11.819, 15.153]","(0, 59]","(0, 59]","(0, 59]","(69, 79]","(89, 100]","(89, 100]",0.0,0.0,0.0,1.0,0.0
210,"(0, 59]","(69, 79]","(69, 79]","(59, 69]","(69, 79]","(69, 79]","(9.428, 29.0]","(4.443, 11.306]","(5.782, 11.819]","(0, 59]","(59, 69]","(0, 59]","(69, 79]","(89, 100]","(89, 100]",0.0,0.0,1.0,0.0,0.0
211,"(59, 69]","(59, 69]","(59, 69]","(59, 69]","(59, 69]","(69, 79]","(6.128, 9.428]","(16.214, 23.629]","(15.153, 18.543]","(59, 69]","(0, 59]","(0, 59]","(79, 89]","(89, 100]","(89, 100]",0.0,0.0,0.0,1.0,0.0
212,"(59, 69]","(69, 79]","(69, 79]","(59, 69]","(69, 79]","(69, 79]","(6.128, 9.428]","(4.443, 11.306]","(5.782, 11.819]","(59, 69]","(0, 59]","(0, 59]","(79, 89]","(89, 100]","(89, 100]",0.0,1.0,0.0,0.0,0.0
213,"(59, 69]","(59, 69]","(69, 79]","(59, 69]","(59, 69]","(69, 79]","(6.128, 9.428]","(14.214, 16.214]","(11.819, 15.153]","(59, 69]","(0, 59]","(0, 59]","(79, 89]","(89, 100]","(89, 100]",0.0,0.0,0.0,1.0,0.0
214,"(0, 59]","(59, 69]","(59, 69]","(59, 69]","(59, 69]","(69, 79]","(9.428, 29.0]","(16.214, 23.629]","(15.153, 18.543]","(0, 59]","(0, 59]","(0, 59]","(59, 69]","(89, 100]","(89, 100]",0.0,0.0,0.0,1.0,0.0
215,"(0, 59]","(59, 69]","(69, 79]","(59, 69]","(59, 69]","(69, 79]","(9.428, 29.0]","(14.214, 16.214]","(11.819, 15.153]","(0, 59]","(0, 59]","(0, 59]","(59, 69]","(89, 100]","(89, 100]",0.0,0.0,0.0,1.0,0.0
216,"(0, 59]","(59, 69]","(69, 79]","(59, 69]","(59, 69]","(69, 79]","(9.428, 29.0]","(14.214, 16.214]","(11.819, 15.153]","(0, 59]","(0, 59]","(0, 59]","(59, 69]","(89, 100]","(89, 100]",0.0,0.0,0.0,0.0,1.0
217,"(0, 59]","(69, 79]","(69, 79]","(59, 69]","(69, 79]","(69, 79]","(9.428, 29.0]","(4.443, 11.306]","(5.782, 11.819]","(0, 59]","(0, 59]","(0, 59]","(59, 69]","(89, 100]","(89, 100]",0.0,0.0,0.0,1.0,0.0
218,"(0, 59]","(59, 69]","(69, 79]","(59, 69]","(59, 69]","(69, 79]","(9.428, 29.0]","(14.214, 16.214]","(11.819, 15.153]","(0, 59]","(0, 59]","(0, 59]","(59, 69]","(89, 100]","(89, 100]",0.0,0.0,0.0,0.0,1.0
219,"(79, 89]","(69, 79]","(69, 79]","(79, 89]","(69, 79]","(69, 79]","(-0.001, 2.944]","(4.443, 11.306]","(5.782, 11.819]","(79, 89]","(0, 59]","(0, 59]","(79, 89]","(89, 100]","(89, 100]",0.0,1.0,0.0,0.0,0.0
220,"(79, 89]","(69, 79]","(69, 79]","(79, 89]","(79, 89]","(69, 79]","(-0.001, 2.944]","(16.214, 23.629]","(11.819, 15.153]","(79, 89]","(0, 59]","(0, 59]","(79, 89]","(89, 100]","(89, 100]",0.0,1.0,0.0,0.0,0.0
221,"(79, 89]","(59, 69]","(59, 69]","(79, 89]","(59, 69]","(69, 79]","(9.428, 29.0]","(16.214, 23.629]","(15.153, 18.543]","(69, 79]","(0, 59]","(0, 59]","(89, 100]","(89, 100]","(89, 100]",1.0,0.0,0.0,0.0,0.0
222,"(79, 89]","(79, 89]","(69, 79]","(79, 89]","(69, 79]","(69, 79]","(9.428, 29.0]","(14.214, 16.214]","(5.782, 11.819]","(69, 79]","(69, 79]","(0, 59]","(89, 100]","(89, 100]","(89, 100]",0.0,0.0,1.0,0.0,0.0
223,"(69, 79]","(69, 79]","(59, 69]","(69, 79]","(69, 79]","(69, 79]","(9.428, 29.0]","(11.306, 14.214]","(15.153, 18.543]","(59, 69]","(0, 59]","(0, 59]","(79, 89]","(89, 100]","(89, 100]",0.0,0.0,0.0,1.0,0.0
224,"(69, 79]","(69, 79]","(69, 79]","(69, 79]","(69, 79]","(69, 79]","(9.428, 29.0]","(4.443, 11.306]","(5.782, 11.819]","(59, 69]","(59, 69]","(0, 59]","(79, 89]","(89, 100]","(89, 100]",0.0,1.0,0.0,0.0,0.0
225,"(69, 79]","(69, 79]","(69, 79]","(69, 79]","(69, 79]","(69, 79]","(9.428, 29.0]","(11.306, 14.214]","(11.819, 15.153]","(59, 69]","(0, 59]","(0, 59]","(79, 89]","(89, 100]","(89, 100]",0.0,0.0,1.0,0.0,0.0
226,"(69, 79]","(59, 69]","(59, 69]","(69, 79]","(59, 69]","(69, 79]","(-0.001, 2.944]","(16.214, 23.629]","(15.153, 18.543]","(69, 79]","(0, 59]","(0, 59]","(69, 79]","(89, 100]","(89, 100]",0.0,0.0,1.0,0.0,0.0
227,"(69, 79]","(59, 69]","(59, 69]","(69, 79]","(59, 69]","(69, 79]","(-0.001, 2.944]","(16.214, 23.629]","(15.153, 18.543]","(69, 79]","(0, 59]","(0, 59]","(69, 79]","(89, 100]","(89, 100]",0.0,0.0,1.0,0.0,0.0
228,"(69, 79]","(69, 79]","(69, 79]","(69, 79]","(79, 89]","(69, 79]","(-0.001, 2.944]","(11.306, 14.214]","(5.782, 11.819]","(69, 79]","(0, 59]","(0, 59]","(79, 89]","(89, 100]","(89, 100]",0.0,1.0,0.0,0.0,0.0
229,"(69, 79]","(69, 79]","(69, 79]","(69, 79]","(69, 79]","(69, 79]","(-0.001, 2.944]","(11.306, 14.214]","(11.819, 15.153]","(69, 79]","(0, 59]","(0, 59]","(79, 89]","(89, 100]","(89, 100]",0.0,0.0,1.0,0.0,0.0
230,"(69, 79]","(69, 79]","(69, 79]","(69, 79]","(69, 79]","(69, 79]","(2.944, 6.128]","(4.443, 11.306]","(5.782, 11.819]","(69, 79]","(0, 59]","(0, 59]","(69, 79]","(89, 100]","(89, 100]",0.0,0.0,1.0,0.0,0.0
231,"(69, 79]","(69, 79]","(69, 79]","(69, 79]","(79, 89]","(69, 79]","(2.944, 6.128]","(11.306, 14.214]","(11.819, 15.153]","(69, 79]","(0, 59]","(0, 59]","(69, 79]","(89, 100]","(89, 100]",0.0,0.0,1.0,0.0,0.0
232,"(59, 69]","(69, 79]","(69, 79]","(59, 69]","(69, 79]","(69, 79]","(-0.001, 2.944]","(11.306, 14.214]","(5.782, 11.819]","(59, 69]","(0, 59]","(0, 59]","(59, 69]","(89, 100]","(89, 100]",0.0,0.0,0.0,1.0,0.0
233,"(59, 69]","(69, 79]","(69, 79]","(59, 69]","(69, 79]","(69, 79]","(-0.001, 2.944]","(11.306, 14.214]","(11.819, 15.153]","(59, 69]","(0, 59]","(0, 59]","(59, 69]","(89, 100]","(89, 100]",0.0,0.0,0.0,1.0,0.0
234,"(69, 79]","(69, 79]","(69, 79]","(69, 79]","(69, 79]","(69, 79]","(6.128, 9.428]","(4.443, 11.306]","(5.782, 11.819]","(69, 79]","(59, 69]","(59, 69]","(79, 89]","(89, 100]","(79, 89]",0.0,1.0,0.0,0.0,0.0
235,"(69, 79]","(69, 79]","(69, 79]","(69, 79]","(69, 79]","(69, 79]","(6.128, 9.428]","(4.443, 11.306]","(11.819, 15.153]","(69, 79]","(59, 69]","(0, 59]","(79, 89]","(89, 100]","(89, 100]",0.0,0.0,1.0,0.0,0.0
236,"(59, 69]","(59, 69]","(59, 69]","(59, 69]","(59, 69]","(69, 79]","(2.944, 6.128]","(16.214, 23.629]","(15.153, 18.543]","(59, 69]","(0, 59]","(0, 59]","(69, 79]","(89, 100]","(89, 100]",0.0,0.0,0.0,1.0,0.0
237,"(59, 69]","(69, 79]","(69, 79]","(59, 69]","(69, 79]","(69, 79]","(2.944, 6.128]","(4.443, 11.306]","(5.782, 11.819]","(59, 69]","(0, 59]","(0, 59]","(69, 79]","(89, 100]","(89, 100]",0.0,0.0,1.0,0.0,0.0
238,"(59, 69]","(59, 69]","(69, 79]","(59, 69]","(59, 69]","(69, 79]","(2.944, 6.128]","(14.214, 16.214]","(11.819, 15.153]","(59, 69]","(0, 59]","(0, 59]","(69, 79]","(89, 100]","(89, 100]",0.0,0.0,0.0,1.0,0.0
239,"(69, 79]","(69, 79]","(69, 79]","(69, 79]","(69, 79]","(69, 79]","(2.944, 6.128]","(4.443, 11.306]","(5.782, 11.819]","(69, 79]","(59, 69]","(59, 69]","(79, 89]","(89, 100]","(79, 89]",0.0,1.0,0.0,0.0,0.0
240,"(69, 79]","(69, 79]","(69, 79]","(69, 79]","(69, 79]","(69, 79]","(2.944, 6.128]","(4.443, 11.306]","(11.819, 15.153]","(69, 79]","(59, 69]","(0, 59]","(79, 89]","(89, 100]","(89, 100]",0.0,0.0,1.0,0.0,0.0
241,"(0, 59]","(69, 79]","(59, 69]","(59, 69]","(69, 79]","(69, 79]","(9.428, 29.0]","(11.306, 14.214]","(15.153, 18.543]","(0, 59]","(0, 59]","(0, 59]","(69, 79]","(89, 100]","(89, 100]",0.0,0.0,0.0,0.0,1.0
242,"(0, 59]","(69, 79]","(69, 79]","(59, 69]","(69, 79]","(69, 79]","(9.428, 29.0]","(4.443, 11.306]","(5.782, 11.819]","(0, 59]","(59, 69]","(0, 59]","(69, 79]","(89, 100]","(89, 100]",0.0,0.0,1.0,0.0,0.0
243,"(0, 59]","(69, 79]","(69, 79]","(59, 69]","(69, 79]","(69, 79]","(9.428, 29.0]","(4.443, 11.306]","(11.819, 15.153]","(0, 59]","(59, 69]","(0, 59]","(69, 79]","(89, 100]","(89, 100]",0.0,0.0,0.0,1.0,0.0
244,"(69, 79]","(59, 69]","(59, 69]","(79, 89]","(59, 69]","(69, 79]","(9.428, 29.0]","(16.214, 23.629]","(15.153, 18.543]","(59, 69]","(0, 59]","(0, 59]","(89, 100]","(89, 100]","(89, 100]",0.0,1.0,0.0,0.0,0.0
245,"(69, 79]","(69, 79]","(69, 79]","(79, 89]","(69, 79]","(69, 79]","(9.428, 29.0]","(4.443, 11.306]","(5.782, 11.819]","(59, 69]","(0, 59]","(0, 59]","(89, 100]","(89, 100]","(89, 100]",1.0,0.0,0.0,0.0,0.0
246,"(69, 79]","(59, 69]","(69, 79]","(79, 89]","(59, 69]","(69, 79]","(9.428, 29.0]","(14.214, 16.214]","(11.819, 15.153]","(59, 69]","(0, 59]","(0, 59]","(89, 100]","(89, 100]","(89, 100]",0.0,0.0,0.0,1.0,0.0
247,"(69, 79]","(69, 79]","(69, 79]","(69, 79]","(69, 79]","(69, 79]","(9.428, 29.0]","(4.443, 11.306]","(5.782, 11.819]","(59, 69]","(0, 59]","(0, 59]","(89, 100]","(89, 100]","(89, 100]",0.0,0.0,0.0,1.0,0.0
248,"(69, 79]","(69, 79]","(69, 79]","(69, 79]","(69, 79]","(69, 79]","(9.428, 29.0]","(4.443, 11.306]","(11.819, 15.153]","(59, 69]","(59, 69]","(0, 59]","(89, 100]","(89, 100]","(89, 100]",1.0,0.0,0.0,0.0,0.0
249,"(69, 79]","(59, 69]","(59, 69]","(69, 79]","(59, 69]","(69, 79]","(2.944, 6.128]","(16.214, 23.629]","(15.153, 18.543]","(59, 69]","(0, 59]","(0, 59]","(69, 79]","(89, 100]","(89, 100]",0.0,0.0,0.0,1.0,0.0
250,"(69, 79]","(69, 79]","(69, 79]","(69, 79]","(69, 79]","(69, 79]","(2.944, 6.128]","(4.443, 11.306]","(5.782, 11.819]","(59, 69]","(0, 59]","(0, 59]","(69, 79]","(89, 100]","(89, 100]",0.0,0.0,1.0,0.0,0.0
251,"(69, 79]","(69, 79]","(69, 79]","(69, 79]","(69, 79]","(69, 79]","(2.944, 6.128]","(11.306, 14.214]","(11.819, 15.153]","(59, 69]","(0, 59]","(0, 59]","(69, 79]","(89, 100]","(89, 100]",0.0,0.0,1.0,0.0,0.0
252,"(79, 89]","(69, 79]","(69, 79]","(79, 89]","(69, 79]","(69, 79]","(2.944, 6.128]","(4.443, 11.306]","(5.782, 11.819]","(79, 89]","(0, 59]","(0, 59]","(89, 100]","(89, 100]","(89, 100]",0.0,1.0,0.0,0.0,0.0
253,"(79, 89]","(59, 69]","(59, 69]","(79, 89]","(59, 69]","(69, 79]","(2.944, 6.128]","(16.214, 23.629]","(15.153, 18.543]","(79, 89]","(0, 59]","(0, 59]","(89, 100]","(89, 100]","(89, 100]",0.0,1.0,0.0,0.0,0.0
254,"(79, 89]","(59, 69]","(69, 79]","(79, 89]","(59, 69]","(69, 79]","(2.944, 6.128]","(14.214, 16.214]","(11.819, 15.153]","(79, 89]","(0, 59]","(0, 59]","(89, 100]","(89, 100]","(89, 100]",1.0,0.0,0.0,0.0,0.0
255,"(69, 79]","(59, 69]","(69, 79]","(69, 79]","(59, 69]","(69, 79]","(6.128, 9.428]","(14.214, 16.214]","(5.782, 11.819]","(69, 79]","(0, 59]","(0, 59]","(79, 89]","(89, 100]","(89, 100]",0.0,0.0,1.0,0.0,0.0
256,"(69, 79]","(69, 79]","(69, 79]","(69, 79]","(69, 79]","(69, 79]","(6.128, 9.428]","(4.443, 11.306]","(11.819, 15.153]","(69, 79]","(59, 69]","(0, 59]","(79, 89]","(89, 100]","(89, 100]",0.0,1.0,0.0,0.0,0.0
257,"(59, 69]","(69, 79]","(59, 69]","(59, 69]","(69, 79]","(69, 79]","(2.944, 6.128]","(11.306, 14.214]","(15.153, 18.543]","(59, 69]","(0, 59]","(0, 59]","(69, 79]","(89, 100]","(89, 100]",0.0,0.0,0.0,1.0,0.0
258,"(59, 69]","(69, 79]","(69, 79]","(59, 69]","(69, 79]","(69, 79]","(2.944, 6.128]","(4.443, 11.306]","(5.782, 11.819]","(59, 69]","(59, 69]","(0, 59]","(69, 79]","(89, 100]","(89, 100]",0.0,0.0,1.0,0.0,0.0
259,"(59, 69]","(69, 79]","(69, 79]","(59, 69]","(69, 79]","(69, 79]","(2.944, 6.128]","(4.443, 11.306]","(11.819, 15.153]","(59, 69]","(59, 69]","(0, 59]","(69, 79]","(89, 100]","(89, 100]",0.0,0.0,0.0,1.0,0.0
260,"(79, 89]","(69, 79]","(59, 69]","(79, 89]","(79, 89]","(69, 79]","(6.128, 9.428]","(16.214, 23.629]","(15.153, 18.543]","(69, 79]","(0, 59]","(0, 59]","(79, 89]","(89, 100]","(89, 100]",0.0,1.0,0.0,0.0,0.0
261,"(79, 89]","(69, 79]","(69, 79]","(79, 89]","(79, 89]","(69, 79]","(6.128, 9.428]","(11.306, 14.214]","(5.782, 11.819]","(69, 79]","(0, 59]","(0, 59]","(79, 89]","(89, 100]","(89, 100]",0.0,0.0,1.0,0.0,0.0
262,"(79, 89]","(69, 79]","(69, 79]","(79, 89]","(69, 79]","(69, 79]","(6.128, 9.428]","(11.306, 14.214]","(11.819, 15.153]","(69, 79]","(0, 59]","(0, 59]","(79, 89]","(89, 100]","(89, 100]",0.0,1.0,0.0,0.0,0.0
263,"(79, 89]","(59, 69]","(59, 69]","(79, 89]","(59, 69]","(69, 79]","(2.944, 6.128]","(16.214, 23.629]","(15.153, 18.543]","(69, 79]","(0, 59]","(0, 59]","(79, 89]","(89, 100]","(89, 100]",0.0,0.0,1.0,0.0,0.0
264,"(79, 89]","(69, 79]","(69, 79]","(79, 89]","(69, 79]","(69, 79]","(2.944, 6.128]","(11.306, 14.214]","(5.782, 11.819]","(69, 79]","(0, 59]","(0, 59]","(79, 89]","(89, 100]","(89, 100]",0.0,1.0,0.0,0.0,0.0
265,"(59, 69]","(59, 69]","(59, 69]","(59, 69]","(59, 69]","(59, 69]","(-0.001, 2.944]","(4.443, 11.306]","(5.782, 11.819]","(59, 69]","(59, 69]","(59, 69]","(59, 69]","(69, 79]","(69, 79]",0.0,0.0,0.0,1.0,0.0
266,"(69, 79]","(59, 69]","(59, 69]","(79, 89]","(59, 69]","(69, 79]","(9.428, 29.0]","(14.214, 16.214]","(15.153, 18.543]","(59, 69]","(0, 59]","(0, 59]","(79, 89]","(89, 100]","(89, 100]",0.0,1.0,0.0,0.0,0.0
267,"(69, 79]","(69, 79]","(69, 79]","(79, 89]","(69, 79]","(69, 79]","(9.428, 29.0]","(4.443, 11.306]","(5.782, 11.819]","(59, 69]","(0, 59]","(0, 59]","(79, 89]","(89, 100]","(89, 100]",0.0,0.0,0.0,1.0,0.0
268,"(69, 79]","(59, 69]","(69, 79]","(79, 89]","(59, 69]","(69, 79]","(9.428, 29.0]","(14.214, 16.214]","(11.819, 15.153]","(59, 69]","(0, 59]","(0, 59]","(79, 89]","(89, 100]","(89, 100]",0.0,1.0,0.0,0.0,0.0
269,"(59, 69]","(59, 69]","(59, 69]","(59, 69]","(59, 69]","(59, 69]","(-0.001, 2.944]","(14.214, 16.214]","(5.782, 11.819]","(59, 69]","(0, 59]","(59, 69]","(59, 69]","(89, 100]","(69, 79]",0.0,0.0,0.0,1.0,0.0
270,"(79, 89]","(59, 69]","(69, 79]","(79, 89]","(59, 69]","(69, 79]","(-0.001, 2.944]","(14.214, 16.214]","(5.782, 11.819]","(79, 89]","(0, 59]","(0, 59]","(79, 89]","(89, 100]","(89, 100]",0.0,1.0,0.0,0.0,0.0
271,"(79, 89]","(69, 79]","(69, 79]","(79, 89]","(69, 79]","(69, 79]","(-0.001, 2.944]","(4.443, 11.306]","(11.819, 15.153]","(79, 89]","(59, 69]","(0, 59]","(79, 89]","(89, 100]","(89, 100]",0.0,1.0,0.0,0.0,0.0
272,"(69, 79]","(69, 79]","(59, 69]","(69, 79]","(69, 79]","(69, 79]","(9.428, 29.0]","(11.306, 14.214]","(15.153, 18.543]","(59, 69]","(0, 59]","(0, 59]","(79, 89]","(89, 100]","(89, 100]",0.0,0.0,1.0,0.0,0.0
273,"(69, 79]","(69, 79]","(69, 79]","(69, 79]","(69, 79]","(69, 79]","(9.428, 29.0]","(4.443, 11.306]","(5.782, 11.819]","(59, 69]","(59, 69]","(0, 59]","(79, 89]","(89, 100]","(89, 100]",0.0,1.0,0.0,0.0,0.0
274,"(69, 79]","(69, 79]","(69, 79]","(69, 79]","(69, 79]","(69, 79]","(9.428, 29.0]","(4.443, 11.306]","(11.819, 15.153]","(59, 69]","(59, 69]","(0, 59]","(79, 89]","(89, 100]","(89, 100]",0.0,0.0,0.0,1.0,0.0
275,"(89, 100]","(59, 69]","(59, 69]","(89, 100]","(59, 69]","(69, 79]","(6.128, 9.428]","(16.214, 23.629]","(15.153, 18.543]","(79, 89]","(0, 59]","(0, 59]","(89, 100]","(89, 100]","(89, 100]",1.0,0.0,0.0,0.0,0.0
276,"(89, 100]","(79, 89]","(69, 79]","(89, 100]","(69, 79]","(69, 79]","(6.128, 9.428]","(14.214, 16.214]","(5.782, 11.819]","(79, 89]","(69, 79]","(0, 59]","(89, 100]","(89, 100]","(89, 100]",1.0,0.0,0.0,0.0,0.0
277,"(89, 100]","(59, 69]","(69, 79]","(89, 100]","(59, 69]","(69, 79]","(6.128, 9.428]","(14.214, 16.214]","(11.819, 15.153]","(79, 89]","(0, 59]","(0, 59]","(89, 100]","(89, 100]","(89, 100]",0.0,1.0,0.0,0.0,0.0
278,"(59, 69]","(69, 79]","(69, 79]","(59, 69]","(79, 89]","(79, 89]","(2.944, 6.128]","(16.214, 23.629]","(15.153, 18.543]","(59, 69]","(0, 59]","(0, 59]","(69, 79]","(89, 100]","(89, 100]",0.0,0.0,0.0,1.0,0.0
279,"(59, 69]","(69, 79]","(69, 79]","(59, 69]","(69, 79]","(69, 79]","(2.944, 6.128]","(11.306, 14.214]","(5.782, 11.819]","(59, 69]","(0, 59]","(0, 59]","(69, 79]","(89, 100]","(89, 100]",0.0,0.0,0.0,1.0,0.0
280,"(59, 69]","(69, 79]","(69, 79]","(59, 69]","(69, 79]","(69, 79]","(2.944, 6.128]","(4.443, 11.306]","(11.819, 15.153]","(59, 69]","(59, 69]","(0, 59]","(69, 79]","(79, 89]","(89, 100]",0.0,0.0,1.0,0.0,0.0
281,"(0, 59]","(59, 69]","(59, 69]","(59, 69]","(59, 69]","(69, 79]","(9.428, 29.0]","(16.214, 23.629]","(15.153, 18.543]","(0, 59]","(0, 59]","(0, 59]","(69, 79]","(89, 100]","(89, 100]",0.0,0.0,1.0,0.0,0.0
282,"(0, 59]","(69, 79]","(69, 79]","(59, 69]","(69, 79]","(69, 79]","(9.428, 29.0]","(4.443, 11.306]","(5.782, 11.819]","(0, 59]","(0, 59]","(0, 59]","(69, 79]","(89, 100]","(89, 100]",0.0,0.0,1.0,0.0,0.0
283,"(0, 59]","(59, 69]","(69, 79]","(59, 69]","(59, 69]","(69, 79]","(9.428, 29.0]","(14.214, 16.214]","(11.819, 15.153]","(0, 59]","(0, 59]","(0, 59]","(69, 79]","(89, 100]","(89, 100]",0.0,0.0,0.0,1.0,0.0
284,"(0, 59]","(69, 79]","(69, 79]","(59, 69]","(69, 79]","(69, 79]","(9.428, 29.0]","(11.306, 14.214]","(11.819, 15.153]","(0, 59]","(0, 59]","(0, 59]","(69, 79]","(89, 100]","(89, 100]",0.0,0.0,0.0,0.0,1.0
285,"(0, 59]","(69, 79]","(59, 69]","(0, 59]","(79, 89]","(69, 79]","(9.428, 29.0]","(16.214, 23.629]","(15.153, 18.543]","(0, 59]","(0, 59]","(0, 59]","(69, 79]","(89, 100]","(89, 100]",0.0,0.0,0.0,0.0,1.0
286,"(0, 59]","(69, 79]","(59, 69]","(0, 59]","(79, 89]","(69, 79]","(9.428, 29.0]","(16.214, 23.629]","(15.153, 18.543]","(0, 59]","(0, 59]","(0, 59]","(69, 79]","(89, 100]","(89, 100]",0.0,0.0,0.0,0.0,1.0
287,"(0, 59]","(69, 79]","(69, 79]","(0, 59]","(69, 79]","(69, 79]","(9.428, 29.0]","(4.443, 11.306]","(5.782, 11.819]","(0, 59]","(59, 69]","(0, 59]","(69, 79]","(89, 100]","(89, 100]",0.0,0.0,0.0,1.0,0.0
288,"(0, 59]","(59, 69]","(69, 79]","(0, 59]","(59, 69]","(69, 79]","(9.428, 29.0]","(14.214, 16.214]","(11.819, 15.153]","(0, 59]","(0, 59]","(0, 59]","(69, 79]","(89, 100]","(89, 100]",0.0,0.0,1.0,0.0,0.0
289,"(79, 89]","(59, 69]","(69, 79]","(79, 89]","(59, 69]","(69, 79]","(-0.001, 2.944]","(14.214, 16.214]","(5.782, 11.819]","(79, 89]","(0, 59]","(0, 59]","(89, 100]","(89, 100]","(89, 100]",1.0,0.0,0.0,0.0,0.0
290,"(79, 89]","(69, 79]","(69, 79]","(79, 89]","(69, 79]","(69, 79]","(-0.001, 2.944]","(4.443, 11.306]","(11.819, 15.153]","(79, 89]","(59, 69]","(0, 59]","(89, 100]","(89, 100]","(89, 100]",0.0,1.0,0.0,0.0,0.0
291,"(69, 79]","(59, 69]","(59, 69]","(69, 79]","(59, 69]","(59, 69]","(-0.001, 2.944]","(14.214, 16.214]","(5.782, 11.819]","(69, 79]","(0, 59]","(59, 69]","(69, 79]","(89, 100]","(69, 79]",0.0,0.0,1.0,0.0,0.0
292,"(69, 79]","(59, 69]","(59, 69]","(69, 79]","(59, 69]","(59, 69]","(-0.001, 2.944]","(4.443, 11.306]","(5.782, 11.819]","(69, 79]","(59, 69]","(59, 69]","(69, 79]","(69, 79]","(69, 79]",0.0,0.0,1.0,0.0,0.0
293,"(59, 69]","(59, 69]","(59, 69]","(59, 69]","(59, 69]","(59, 69]","(-0.001, 2.944]","(14.214, 16.214]","(5.782, 11.819]","(59, 69]","(0, 59]","(59, 69]","(59, 69]","(89, 100]","(69, 79]",0.0,0.0,0.0,1.0,0.0
294,"(69, 79]","(69, 79]","(59, 69]","(69, 79]","(79, 89]","(69, 79]","(6.128, 9.428]","(16.214, 23.629]","(15.153, 18.543]","(59, 69]","(0, 59]","(0, 59]","(69, 79]","(89, 100]","(89, 100]",0.0,0.0,1.0,0.0,0.0
295,"(69, 79]","(69, 79]","(69, 79]","(69, 79]","(69, 79]","(69, 79]","(6.128, 9.428]","(4.443, 11.306]","(5.782, 11.819]","(59, 69]","(59, 69]","(0, 59]","(69, 79]","(89, 100]","(89, 100]",0.0,0.0,1.0,0.0,0.0
296,"(69, 79]","(69, 79]","(69, 79]","(69, 79]","(69, 79]","(69, 79]","(6.128, 9.428]","(4.443, 11.306]","(11.819, 15.153]","(59, 69]","(59, 69]","(0, 59]","(69, 79]","(89, 100]","(89, 100]",0.0,0.0,0.0,1.0,0.0
297,"(59, 69]","(69, 79]","(59, 69]","(59, 69]","(79, 89]","(69, 79]","(2.944, 6.128]","(16.214, 23.629]","(15.153, 18.543]","(59, 69]","(0, 59]","(0, 59]","(59, 69]","(89, 100]","(89, 100]",0.0,0.0,0.0,1.0,0.0
298,"(59, 69]","(59, 69]","(69, 79]","(59, 69]","(59, 69]","(69, 79]","(2.944, 6.128]","(14.214, 16.214]","(5.782, 11.819]","(59, 69]","(0, 59]","(0, 59]","(59, 69]","(89, 100]","(89, 100]",0.0,0.0,0.0,1.0,0.0
299,"(59, 69]","(69, 79]","(69, 79]","(59, 69]","(69, 79]","(69, 79]","(2.944, 6.128]","(11.306, 14.214]","(11.819, 15.153]","(59, 69]","(0, 59]","(0, 59]","(59, 69]","(89, 100]","(89, 100]",0.0,0.0,0.0,1.0,0.0
300,"(0, 59]","(0, 59]","(59, 69]","(0, 59]","(59, 69]","(69, 79]","(9.428, 29.0]","(16.214, 23.629]","(15.153, 18.543]","(0, 59]","(0, 59]","(0, 59]","(59, 69]","(69, 79]","(89, 100]",0.0,0.0,0.0,1.0,0.0
301,"(0, 59]","(59, 69]","(59, 69]","(0, 59]","(59, 69]","(69, 79]","(9.428, 29.0]","(16.214, 23.629]","(15.153, 18.543]","(0, 59]","(0, 59]","(0, 59]","(59, 69]","(89, 100]","(89, 100]",0.0,0.0,0.0,0.0,1.0
302,"(69, 79]","(59, 69]","(59, 69]","(69, 79]","(59, 69]","(69, 79]","(-0.001, 2.944]","(16.214, 23.629]","(15.153, 18.543]","(69, 79]","(0, 59]","(0, 59]","(69, 79]","(89, 100]","(89, 100]",0.0,0.0,1.0,0.0,0.0
303,"(69, 79]","(69, 79]","(69, 79]","(69, 79]","(69, 79]","(69, 79]","(-0.001, 2.944]","(4.443, 11.306]","(5.782, 11.819]","(69, 79]","(0, 59]","(0, 59]","(69, 79]","(89, 100]","(89, 100]",0.0,0.0,1.0,0.0,0.0
304,"(79, 89]","(69, 79]","(69, 79]","(79, 89]","(79, 89]","(79, 89]","(6.128, 9.428]","(16.214, 23.629]","(15.153, 18.543]","(69, 79]","(0, 59]","(0, 59]","(89, 100]","(89, 100]","(89, 100]",0.0,1.0,0.0,0.0,0.0
305,"(79, 89]","(69, 79]","(69, 79]","(79, 89]","(69, 79]","(69, 79]","(6.128, 9.428]","(11.306, 14.214]","(5.782, 11.819]","(69, 79]","(0, 59]","(0, 59]","(89, 100]","(89, 100]","(89, 100]",0.0,0.0,1.0,0.0,0.0
306,"(79, 89]","(69, 79]","(69, 79]","(79, 89]","(69, 79]","(69, 79]","(6.128, 9.428]","(11.306, 14.214]","(11.819, 15.153]","(69, 79]","(0, 59]","(0, 59]","(89, 100]","(89, 100]","(89, 100]",1.0,0.0,0.0,0.0,0.0
307,"(79, 89]","(69, 79]","(59, 69]","(79, 89]","(69, 79]","(69, 79]","(2.944, 6.128]","(11.306, 14.214]","(15.153, 18.543]","(79, 89]","(0, 59]","(0, 59]","(89, 100]","(89, 100]","(89, 100]",0.0,1.0,0.0,0.0,0.0
308,"(79, 89]","(69, 79]","(69, 79]","(79, 89]","(69, 79]","(69, 79]","(2.944, 6.128]","(11.306, 14.214]","(5.782, 11.819]","(79, 89]","(0, 59]","(0, 59]","(89, 100]","(89, 100]","(89, 100]",1.0,0.0,0.0,0.0,0.0
309,"(79, 89]","(69, 79]","(69, 79]","(79, 89]","(69, 79]","(69, 79]","(2.944, 6.128]","(11.306, 14.214]","(11.819, 15.153]","(79, 89]","(0, 59]","(0, 59]","(89, 100]","(89, 100]","(89, 100]",0.0,1.0,0.0,0.0,0.0
310,"(69, 79]","(69, 79]","(69, 79]","(69, 79]","(79, 89]","(79, 89]","(6.128, 9.428]","(16.214, 23.629]","(15.153, 18.543]","(59, 69]","(0, 59]","(0, 59]","(79, 89]","(89, 100]","(89, 100]",0.0,0.0,0.0,1.0,0.0
311,"(69, 79]","(69, 79]","(69, 79]","(69, 79]","(69, 79]","(69, 79]","(6.128, 9.428]","(4.443, 11.306]","(5.782, 11.819]","(59, 69]","(59, 69]","(0, 59]","(79, 89]","(79, 89]","(89, 100]",0.0,1.0,0.0,0.0,0.0
312,"(69, 79]","(69, 79]","(69, 79]","(69, 79]","(69, 79]","(69, 79]","(6.128, 9.428]","(11.306, 14.214]","(11.819, 15.153]","(59, 69]","(0, 59]","(0, 59]","(79, 89]","(89, 100]","(89, 100]",0.0,0.0,1.0,0.0,0.0
313,"(59, 69]","(59, 69]","(59, 69]","(69, 79]","(59, 69]","(69, 79]","(2.944, 6.128]","(14.214, 16.214]","(15.153, 18.543]","(59, 69]","(0, 59]","(0, 59]","(69, 79]","(89, 100]","(89, 100]",0.0,0.0,1.0,0.0,0.0
314,"(59, 69]","(69, 79]","(69, 79]","(69, 79]","(69, 79]","(69, 79]","(2.944, 6.128]","(4.443, 11.306]","(5.782, 11.819]","(59, 69]","(0, 59]","(0, 59]","(69, 79]","(89, 100]","(89, 100]",0.0,0.0,1.0,0.0,0.0
315,"(59, 69]","(59, 69]","(69, 79]","(69, 79]","(59, 69]","(69, 79]","(2.944, 6.128]","(14.214, 16.214]","(11.819, 15.153]","(59, 69]","(0, 59]","(0, 59]","(69, 79]","(89, 100]","(89, 100]",0.0,0.0,0.0,1.0,0.0
316,"(59, 69]","(59, 69]","(59, 69]","(59, 69]","(59, 69]","(69, 79]","(2.944, 6.128]","(16.214, 23.629]","(15.153, 18.543]","(59, 69]","(0, 59]","(0, 59]","(69, 79]","(89, 100]","(89, 100]",0.0,0.0,0.0,1.0,0.0
317,"(59, 69]","(79, 89]","(69, 79]","(59, 69]","(69, 79]","(69, 79]","(2.944, 6.128]","(14.214, 16.214]","(5.782, 11.819]","(59, 69]","(69, 79]","(0, 59]","(69, 79]","(89, 100]","(89, 100]",0.0,0.0,1.0,0.0,0.0
318,"(59, 69]","(59, 69]","(69, 79]","(59, 69]","(59, 69]","(69, 79]","(2.944, 6.128]","(14.214, 16.214]","(11.819, 15.153]","(59, 69]","(0, 59]","(0, 59]","(69, 79]","(89, 100]","(89, 100]",0.0,0.0,0.0,1.0,0.0
319,"(69, 79]","(69, 79]","(59, 69]","(69, 79]","(69, 79]","(69, 79]","(9.428, 29.0]","(11.306, 14.214]","(15.153, 18.543]","(59, 69]","(0, 59]","(0, 59]","(79, 89]","(89, 100]","(89, 100]",0.0,1.0,0.0,0.0,0.0
320,"(69, 79]","(69, 79]","(69, 79]","(69, 79]","(69, 79]","(69, 79]","(9.428, 29.0]","(11.306, 14.214]","(5.782, 11.819]","(59, 69]","(0, 59]","(0, 59]","(79, 89]","(89, 100]","(89, 100]",0.0,0.0,1.0,0.0,0.0
321,"(69, 79]","(69, 79]","(69, 79]","(69, 79]","(69, 79]","(69, 79]","(9.428, 29.0]","(11.306, 14.214]","(11.819, 15.153]","(59, 69]","(0, 59]","(0, 59]","(79, 89]","(89, 100]","(89, 100]",0.0,0.0,0.0,1.0,0.0
322,"(79, 89]","(69, 79]","(69, 79]","(79, 89]","(79, 89]","(79, 89]","(2.944, 6.128]","(16.214, 23.629]","(15.153, 18.543]","(79, 89]","(0, 59]","(0, 59]","(89, 100]","(89, 100]","(89, 100]",1.0,0.0,0.0,0.0,0.0
323,"(79, 89]","(59, 69]","(69, 79]","(79, 89]","(59, 69]","(69, 79]","(2.944, 6.128]","(14.214, 16.214]","(5.782, 11.819]","(79, 89]","(0, 59]","(0, 59]","(89, 100]","(89, 100]","(89, 100]",0.0,1.0,0.0,0.0,0.0
324,"(79, 89]","(69, 79]","(69, 79]","(79, 89]","(69, 79]","(69, 79]","(2.944, 6.128]","(11.306, 14.214]","(11.819, 15.153]","(79, 89]","(0, 59]","(0, 59]","(89, 100]","(89, 100]","(89, 100]",0.0,1.0,0.0,0.0,0.0
325,"(59, 69]","(59, 69]","(69, 79]","(59, 69]","(59, 69]","(69, 79]","(9.428, 29.0]","(14.214, 16.214]","(5.782, 11.819]","(0, 59]","(0, 59]","(0, 59]","(79, 89]","(89, 100]","(89, 100]",0.0,0.0,0.0,1.0,0.0
326,"(59, 69]","(69, 79]","(69, 79]","(59, 69]","(69, 79]","(69, 79]","(9.428, 29.0]","(4.443, 11.306]","(11.819, 15.153]","(0, 59]","(59, 69]","(0, 59]","(79, 89]","(89, 100]","(89, 100]",0.0,1.0,0.0,0.0,0.0
327,"(59, 69]","(69, 79]","(69, 79]","(59, 69]","(69, 79]","(69, 79]","(9.428, 29.0]","(11.306, 14.214]","(11.819, 15.153]","(0, 59]","(0, 59]","(0, 59]","(79, 89]","(89, 100]","(89, 100]",0.0,0.0,0.0,0.0,1.0
328,"(69, 79]","(59, 69]","(59, 69]","(79, 89]","(59, 69]","(69, 79]","(6.128, 9.428]","(16.214, 23.629]","(15.153, 18.543]","(59, 69]","(0, 59]","(0, 59]","(79, 89]","(89, 100]","(89, 100]",0.0,0.0,0.0,1.0,0.0
329,"(69, 79]","(69, 79]","(69, 79]","(79, 89]","(69, 79]","(69, 79]","(6.128, 9.428]","(4.443, 11.306]","(5.782, 11.819]","(59, 69]","(59, 69]","(0, 59]","(79, 89]","(89, 100]","(89, 100]",0.0,1.0,0.0,0.0,0.0
330,"(69, 79]","(69, 79]","(69, 79]","(79, 89]","(69, 79]","(69, 79]","(6.128, 9.428]","(4.443, 11.306]","(11.819, 15.153]","(59, 69]","(59, 69]","(0, 59]","(79, 89]","(89, 100]","(89, 100]",0.0,1.0,0.0,0.0,0.0
331,"(69, 79]","(0, 59]","(59, 69]","(69, 79]","(59, 69]","(69, 79]","(6.128, 9.428]","(16.214, 23.629]","(15.153, 18.543]","(59, 69]","(0, 59]","(0, 59]","(79, 89]","(69, 79]","(89, 100]",0.0,0.0,1.0,0.0,0.0
332,"(69, 79]","(69, 79]","(69, 79]","(69, 79]","(69, 79]","(69, 79]","(6.128, 9.428]","(4.443, 11.306]","(5.782, 11.819]","(59, 69]","(0, 59]","(0, 59]","(79, 89]","(89, 100]","(89, 100]",0.0,1.0,0.0,0.0,0.0
333,"(69, 79]","(59, 69]","(69, 79]","(69, 79]","(59, 69]","(69, 79]","(6.128, 9.428]","(14.214, 16.214]","(11.819, 15.153]","(59, 69]","(0, 59]","(0, 59]","(79, 89]","(89, 100]","(89, 100]",0.0,0.0,0.0,1.0,0.0
334,"(79, 89]","(59, 69]","(59, 69]","(79, 89]","(59, 69]","(69, 79]","(2.944, 6.128]","(16.214, 23.629]","(15.153, 18.543]","(79, 89]","(0, 59]","(0, 59]","(89, 100]","(89, 100]","(89, 100]",0.0,1.0,0.0,0.0,0.0
335,"(79, 89]","(69, 79]","(69, 79]","(79, 89]","(69, 79]","(69, 79]","(2.944, 6.128]","(4.443, 11.306]","(5.782, 11.819]","(79, 89]","(59, 69]","(0, 59]","(89, 100]","(89, 100]","(89, 100]",1.0,0.0,0.0,0.0,0.0
336,"(79, 89]","(69, 79]","(69, 79]","(79, 89]","(69, 79]","(69, 79]","(2.944, 6.128]","(4.443, 11.306]","(11.819, 15.153]","(79, 89]","(59, 69]","(0, 59]","(89, 100]","(89, 100]","(89, 100]",0.0,1.0,0.0,0.0,0.0
337,"(59, 69]","(59, 69]","(59, 69]","(59, 69]","(59, 69]","(59, 69]","(-0.001, 2.944]","(4.443, 11.306]","(5.782, 11.819]","(59, 69]","(59, 69]","(59, 69]","(59, 69]","(69, 79]","(69, 79]",0.0,0.0,0.0,1.0,0.0
338,"(79, 89]","(59, 69]","(59, 69]","(79, 89]","(59, 69]","(69, 79]","(-0.001, 2.944]","(16.214, 23.629]","(15.153, 18.543]","(79, 89]","(0, 59]","(0, 59]","(79, 89]","(89, 100]","(89, 100]",0.0,1.0,0.0,0.0,0.0
339,"(69, 79]","(69, 79]","(69, 79]","(69, 79]","(69, 79]","(69, 79]","(9.428, 29.0]","(11.306, 14.214]","(5.782, 11.819]","(59, 69]","(0, 59]","(0, 59]","(89, 100]","(89, 100]","(89, 100]",0.0,0.0,0.0,1.0,0.0
340,"(69, 79]","(69, 79]","(69, 79]","(69, 79]","(69, 79]","(69, 79]","(9.428, 29.0]","(11.306, 14.214]","(11.819, 15.153]","(59, 69]","(0, 59]","(0, 59]","(89, 100]","(89, 100]","(89, 100]",1.0,0.0,0.0,0.0,0.0
341,"(89, 100]","(69, 79]","(69, 79]","(89, 100]","(69, 79]","(69, 79]","(-0.001, 2.944]","(11.306, 14.214]","(5.782, 11.819]","(89, 100]","(0, 59]","(0, 59]","(89, 100]","(89, 100]","(89, 100]",1.0,0.0,0.0,0.0,0.0
342,"(89, 100]","(69, 79]","(69, 79]","(89, 100]","(69, 79]","(69, 79]","(-0.001, 2.944]","(11.306, 14.214]","(11.819, 15.153]","(89, 100]","(0, 59]","(0, 59]","(89, 100]","(89, 100]","(89, 100]",1.0,0.0,0.0,0.0,0.0
343,"(79, 89]","(69, 79]","(69, 79]","(79, 89]","(79, 89]","(79, 89]","(9.428, 29.0]","(16.214, 23.629]","(15.153, 18.543]","(59, 69]","(0, 59]","(0, 59]","(89, 100]","(89, 100]","(89, 100]",1.0,0.0,0.0,0.0,0.0
344,"(79, 89]","(69, 79]","(69, 79]","(79, 89]","(79, 89]","(69, 79]","(9.428, 29.0]","(11.306, 14.214]","(5.782, 11.819]","(59, 69]","(0, 59]","(0, 59]","(89, 100]","(89, 100]","(89, 100]",0.0,0.0,0.0,1.0,0.0
345,"(79, 89]","(69, 79]","(69, 79]","(79, 89]","(79, 89]","(69, 79]","(9.428, 29.0]","(11.306, 14.214]","(11.819, 15.153]","(59, 69]","(0, 59]","(0, 59]","(89, 100]","(89, 100]","(89, 100]",0.0,1.0,0.0,0.0,0.0
346,"(79, 89]","(69, 79]","(69, 79]","(79, 89]","(69, 79]","(69, 79]","(2.944, 6.128]","(4.443, 11.306]","(5.782, 11.819]","(69, 79]","(59, 69]","(59, 69]","(79, 89]","(89, 100]","(79, 89]",0.0,0.0,1.0,0.0,0.0
347,"(79, 89]","(69, 79]","(69, 79]","(79, 89]","(69, 79]","(69, 79]","(2.944, 6.128]","(4.443, 11.306]","(11.819, 15.153]","(69, 79]","(59, 69]","(0, 59]","(79, 89]","(89, 100]","(89, 100]",0.0,1.0,0.0,0.0,0.0
348,"(59, 69]","(59, 69]","(59, 69]","(59, 69]","(59, 69]","(69, 79]","(6.128, 9.428]","(16.214, 23.629]","(15.153, 18.543]","(59, 69]","(0, 59]","(0, 59]","(69, 79]","(89, 100]","(89, 100]",0.0,0.0,0.0,1.0,0.0
349,"(59, 69]","(69, 79]","(69, 79]","(59, 69]","(69, 79]","(69, 79]","(6.128, 9.428]","(4.443, 11.306]","(5.782, 11.819]","(59, 69]","(59, 69]","(0, 59]","(69, 79]","(79, 89]","(89, 100]",0.0,0.0,1.0,0.0,0.0
350,"(59, 69]","(69, 79]","(69, 79]","(59, 69]","(69, 79]","(69, 79]","(6.128, 9.428]","(4.443, 11.306]","(11.819, 15.153]","(59, 69]","(59, 69]","(0, 59]","(69, 79]","(89, 100]","(89, 100]",0.0,0.0,0.0,1.0,0.0
351,"(69, 79]","(69, 79]","(59, 69]","(59, 69]","(79, 89]","(69, 79]","(9.428, 29.0]","(16.214, 23.629]","(15.153, 18.543]","(59, 69]","(0, 59]","(0, 59]","(79, 89]","(89, 100]","(89, 100]",0.0,0.0,0.0,1.0,0.0
352,"(69, 79]","(59, 69]","(69, 79]","(59, 69]","(59, 69]","(69, 79]","(9.428, 29.0]","(14.214, 16.214]","(5.782, 11.819]","(59, 69]","(0, 59]","(0, 59]","(79, 89]","(89, 100]","(89, 100]",0.0,0.0,0.0,1.0,0.0
353,"(69, 79]","(69, 79]","(69, 79]","(59, 69]","(69, 79]","(69, 79]","(9.428, 29.0]","(4.443, 11.306]","(11.819, 15.153]","(59, 69]","(59, 69]","(0, 59]","(79, 89]","(89, 100]","(89, 100]",0.0,1.0,0.0,0.0,0.0
354,"(89, 100]","(69, 79]","(69, 79]","(89, 100]","(79, 89]","(79, 89]","(2.944, 6.128]","(16.214, 23.629]","(15.153, 18.543]","(89, 100]","(0, 59]","(0, 59]","(89, 100]","(89, 100]","(89, 100]",1.0,0.0,0.0,0.0,0.0
355,"(89, 100]","(69, 79]","(69, 79]","(89, 100]","(69, 79]","(69, 79]","(2.944, 6.128]","(4.443, 11.306]","(5.782, 11.819]","(89, 100]","(0, 59]","(0, 59]","(89, 100]","(89, 100]","(89, 100]",1.0,0.0,0.0,0.0,0.0
356,"(89, 100]","(69, 79]","(69, 79]","(89, 100]","(69, 79]","(69, 79]","(2.944, 6.128]","(11.306, 14.214]","(11.819, 15.153]","(89, 100]","(0, 59]","(0, 59]","(89, 100]","(89, 100]","(89, 100]",1.0,0.0,0.0,0.0,0.0
357,"(89, 100]","(69, 79]","(69, 79]","(89, 100]","(69, 79]","(69, 79]","(-0.001, 2.944]","(4.443, 11.306]","(11.819, 15.153]","(89, 100]","(59, 69]","(0, 59]","(89, 100]","(89, 100]","(89, 100]",1.0,0.0,0.0,0.0,0.0
358,"(89, 100]","(59, 69]","(69, 79]","(89, 100]","(59, 69]","(69, 79]","(-0.001, 2.944]","(14.214, 16.214]","(5.782, 11.819]","(89, 100]","(0, 59]","(0, 59]","(89, 100]","(89, 100]","(89, 100]",1.0,0.0,0.0,0.0,0.0
359,"(69, 79]","(69, 79]","(59, 69]","(69, 79]","(69, 79]","(69, 79]","(6.128, 9.428]","(11.306, 14.214]","(15.153, 18.543]","(69, 79]","(0, 59]","(0, 59]","(79, 89]","(89, 100]","(89, 100]",0.0,0.0,1.0,0.0,0.0
360,"(69, 79]","(69, 79]","(69, 79]","(69, 79]","(69, 79]","(69, 79]","(6.128, 9.428]","(4.443, 11.306]","(5.782, 11.819]","(69, 79]","(59, 69]","(0, 59]","(79, 89]","(89, 100]","(89, 100]",0.0,1.0,0.0,0.0,0.0
361,"(69, 79]","(69, 79]","(69, 79]","(69, 79]","(69, 79]","(69, 79]","(6.128, 9.428]","(4.443, 11.306]","(11.819, 15.153]","(69, 79]","(59, 69]","(0, 59]","(79, 89]","(89, 100]","(89, 100]",0.0,0.0,1.0,0.0,0.0
362,"(69, 79]","(59, 69]","(59, 69]","(69, 79]","(59, 69]","(69, 79]","(-0.001, 2.944]","(16.214, 23.629]","(15.153, 18.543]","(69, 79]","(0, 59]","(0, 59]","(69, 79]","(89, 100]","(89, 100]",0.0,0.0,1.0,0.0,0.0
363,"(59, 69]","(69, 79]","(69, 79]","(59, 69]","(69, 79]","(69, 79]","(6.128, 9.428]","(4.443, 11.306]","(5.782, 11.819]","(59, 69]","(59, 69]","(0, 59]","(69, 79]","(89, 100]","(89, 100]",0.0,0.0,1.0,0.0,0.0
364,"(59, 69]","(69, 79]","(69, 79]","(59, 69]","(69, 79]","(69, 79]","(6.128, 9.428]","(11.306, 14.214]","(11.819, 15.153]","(59, 69]","(0, 59]","(0, 59]","(69, 79]","(89, 100]","(89, 100]",0.0,0.0,0.0,1.0,0.0
365,"(79, 89]","(69, 79]","(69, 79]","(79, 89]","(79, 89]","(69, 79]","(6.128, 9.428]","(11.306, 14.214]","(5.782, 11.819]","(69, 79]","(0, 59]","(0, 59]","(89, 100]","(89, 100]","(89, 100]",0.0,0.0,1.0,0.0,0.0
366,"(79, 89]","(69, 79]","(69, 79]","(79, 89]","(79, 89]","(69, 79]","(6.128, 9.428]","(11.306, 14.214]","(11.819, 15.153]","(69, 79]","(0, 59]","(0, 59]","(89, 100]","(89, 100]","(89, 100]",1.0,0.0,0.0,0.0,0.0
367,"(79, 89]","(69, 79]","(69, 79]","(79, 89]","(79, 89]","(79, 89]","(2.944, 6.128]","(16.214, 23.629]","(15.153, 18.543]","(69, 79]","(0, 59]","(0, 59]","(79, 89]","(89, 100]","(89, 100]",0.0,1.0,0.0,0.0,0.0
368,"(79, 89]","(69, 79]","(69, 79]","(79, 89]","(69, 79]","(69, 79]","(2.944, 6.128]","(4.443, 11.306]","(5.782, 11.819]","(69, 79]","(0, 59]","(0, 59]","(79, 89]","(89, 100]","(89, 100]",0.0,0.0,1.0,0.0,0.0
369,"(79, 89]","(69, 79]","(69, 79]","(79, 89]","(79, 89]","(69, 79]","(2.944, 6.128]","(16.214, 23.629]","(11.819, 15.153]","(69, 79]","(0, 59]","(0, 59]","(79, 89]","(89, 100]","(89, 100]",0.0,1.0,0.0,0.0,0.0
370,"(59, 69]","(59, 69]","(59, 69]","(69, 79]","(59, 69]","(69, 79]","(-0.001, 2.944]","(16.214, 23.629]","(15.153, 18.543]","(59, 69]","(0, 59]","(0, 59]","(69, 79]","(89, 100]","(89, 100]",0.0,0.0,0.0,1.0,0.0
371,"(59, 69]","(69, 79]","(69, 79]","(69, 79]","(69, 79]","(69, 79]","(-0.001, 2.944]","(4.443, 11.306]","(5.782, 11.819]","(59, 69]","(0, 59]","(0, 59]","(69, 79]","(89, 100]","(89, 100]",0.0,0.0,1.0,0.0,0.0
372,"(59, 69]","(59, 69]","(69, 79]","(69, 79]","(59, 69]","(69, 79]","(-0.001, 2.944]","(14.214, 16.214]","(11.819, 15.153]","(59, 69]","(0, 59]","(0, 59]","(69, 79]","(89, 100]","(89, 100]",0.0,0.0,1.0,0.0,0.0
373,"(0, 59]","(59, 69]","(59, 69]","(59, 69]","(59, 69]","(69, 79]","(9.428, 29.0]","(16.214, 23.629]","(15.153, 18.543]","(0, 59]","(0, 59]","(0, 59]","(69, 79]","(89, 100]","(89, 100]",0.0,0.0,0.0,1.0,0.0
374,"(0, 59]","(59, 69]","(59, 69]","(59, 69]","(59, 69]","(69, 79]","(9.428, 29.0]","(14.214, 16.214]","(15.153, 18.543]","(0, 59]","(0, 59]","(0, 59]","(69, 79]","(89, 100]","(89, 100]",0.0,0.0,0.0,0.0,1.0
375,"(0, 59]","(69, 79]","(69, 79]","(59, 69]","(69, 79]","(69, 79]","(9.428, 29.0]","(4.443, 11.306]","(5.782, 11.819]","(0, 59]","(0, 59]","(0, 59]","(69, 79]","(89, 100]","(89, 100]",0.0,0.0,0.0,1.0,0.0
376,"(0, 59]","(59, 69]","(69, 79]","(59, 69]","(59, 69]","(69, 79]","(9.428, 29.0]","(14.214, 16.214]","(11.819, 15.153]","(0, 59]","(0, 59]","(0, 59]","(69, 79]","(89, 100]","(89, 100]",0.0,0.0,1.0,0.0,0.0
377,"(59, 69]","(69, 79]","(59, 69]","(69, 79]","(69, 79]","(69, 79]","(6.128, 9.428]","(11.306, 14.214]","(15.153, 18.543]","(59, 69]","(0, 59]","(0, 59]","(69, 79]","(89, 100]","(89, 100]",0.0,0.0,0.0,1.0,0.0
378,"(59, 69]","(69, 79]","(69, 79]","(69, 79]","(69, 79]","(69, 79]","(6.128, 9.428]","(4.443, 11.306]","(5.782, 11.819]","(59, 69]","(59, 69]","(0, 59]","(69, 79]","(79, 89]","(89, 100]",0.0,0.0,1.0,0.0,0.0
379,"(59, 69]","(69, 79]","(69, 79]","(69, 79]","(69, 79]","(69, 79]","(6.128, 9.428]","(4.443, 11.306]","(11.819, 15.153]","(59, 69]","(59, 69]","(0, 59]","(69, 79]","(89, 100]","(89, 100]",0.0,0.0,1.0,0.0,0.0
380,"(69, 79]","(59, 69]","(59, 69]","(69, 79]","(59, 69]","(59, 69]","(-0.001, 2.944]","(4.443, 11.306]","(5.782, 11.819]","(69, 79]","(59, 69]","(59, 69]","(69, 79]","(69, 79]","(69, 79]",0.0,0.0,1.0,0.0,0.0
381,"(69, 79]","(59, 69]","(59, 69]","(69, 79]","(59, 69]","(69, 79]","(-0.001, 2.944]","(16.214, 23.629]","(15.153, 18.543]","(69, 79]","(0, 59]","(0, 59]","(69, 79]","(89, 100]","(89, 100]",0.0,0.0,1.0,0.0,0.0
382,"(79, 89]","(69, 79]","(59, 69]","(79, 89]","(79, 89]","(69, 79]","(6.128, 9.428]","(16.214, 23.629]","(15.153, 18.543]","(69, 79]","(0, 59]","(0, 59]","(89, 100]","(89, 100]","(89, 100]",1.0,0.0,0.0,0.0,0.0
383,"(79, 89]","(69, 79]","(69, 79]","(79, 89]","(69, 79]","(69, 79]","(6.128, 9.428]","(11.306, 14.214]","(5.782, 11.819]","(69, 79]","(0, 59]","(0, 59]","(89, 100]","(89, 100]","(89, 100]",0.0,0.0,1.0,0.0,0.0
384,"(79, 89]","(69, 79]","(69, 79]","(79, 89]","(69, 79]","(69, 79]","(6.128, 9.428]","(11.306, 14.214]","(11.819, 15.153]","(69, 79]","(0, 59]","(0, 59]","(89, 100]","(89, 100]","(89, 100]",0.0,1.0,0.0,0.0,0.0
385,"(79, 89]","(59, 69]","(59, 69]","(79, 89]","(59, 69]","(69, 79]","(2.944, 6.128]","(16.214, 23.629]","(15.153, 18.543]","(69, 79]","(0, 59]","(0, 59]","(79, 89]","(89, 100]","(89, 100]",0.0,1.0,0.0,0.0,0.0
386,"(79, 89]","(69, 79]","(69, 79]","(79, 89]","(69, 79]","(69, 79]","(2.944, 6.128]","(11.306, 14.214]","(5.782, 11.819]","(69, 79]","(0, 59]","(0, 59]","(79, 89]","(89, 100]","(89, 100]",0.0,1.0,0.0,0.0,0.0
387,"(79, 89]","(59, 69]","(69, 79]","(79, 89]","(59, 69]","(69, 79]","(2.944, 6.128]","(14.214, 16.214]","(11.819, 15.153]","(69, 79]","(0, 59]","(0, 59]","(79, 89]","(89, 100]","(89, 100]",0.0,0.0,1.0,0.0,0.0
388,"(69, 79]","(69, 79]","(69, 79]","(79, 89]","(79, 89]","(79, 89]","(2.944, 6.128]","(16.214, 23.629]","(15.153, 18.543]","(69, 79]","(0, 59]","(0, 59]","(79, 89]","(89, 100]","(89, 100]",0.0,1.0,0.0,0.0,0.0
389,"(69, 79]","(59, 69]","(69, 79]","(79, 89]","(59, 69]","(69, 79]","(2.944, 6.128]","(14.214, 16.214]","(5.782, 11.819]","(69, 79]","(0, 59]","(0, 59]","(79, 89]","(89, 100]","(89, 100]",0.0,0.0,1.0,0.0,0.0
390,"(69, 79]","(69, 79]","(69, 79]","(79, 89]","(69, 79]","(69, 79]","(2.944, 6.128]","(11.306, 14.214]","(11.819, 15.153]","(69, 79]","(0, 59]","(0, 59]","(79, 89]","(89, 100]","(89, 100]",0.0,1.0,0.0,0.0,0.0
391,"(59, 69]","(69, 79]","(69, 79]","(59, 69]","(79, 89]","(79, 89]","(-0.001, 2.944]","(16.214, 23.629]","(15.153, 18.543]","(59, 69]","(0, 59]","(0, 59]","(59, 69]","(89, 100]","(89, 100]",0.0,0.0,0.0,1.0,0.0
392,"(59, 69]","(69, 79]","(69, 79]","(59, 69]","(69, 79]","(69, 79]","(-0.001, 2.944]","(4.443, 11.306]","(5.782, 11.819]","(59, 69]","(59, 69]","(0, 59]","(59, 69]","(89, 100]","(89, 100]",0.0,0.0,0.0,1.0,0.0
393,"(59, 69]","(69, 79]","(69, 79]","(59, 69]","(69, 79]","(69, 79]","(-0.001, 2.944]","(4.443, 11.306]","(11.819, 15.153]","(59, 69]","(59, 69]","(0, 59]","(59, 69]","(89, 100]","(89, 100]",0.0,0.0,0.0,1.0,0.0
394,"(59, 69]","(69, 79]","(69, 79]","(59, 69]","(69, 79]","(69, 79]","(-0.001, 2.944]","(11.306, 14.214]","(5.782, 11.819]","(59, 69]","(0, 59]","(0, 59]","(59, 69]","(89, 100]","(89, 100]",0.0,0.0,0.0,1.0,0.0
395,"(59, 69]","(69, 79]","(69, 79]","(59, 69]","(69, 79]","(69, 79]","(-0.001, 2.944]","(11.306, 14.214]","(11.819, 15.153]","(59, 69]","(0, 59]","(0, 59]","(59, 69]","(89, 100]","(89, 100]",0.0,0.0,0.0,1.0,0.0
396,"(0, 59]","(59, 69]","(59, 69]","(0, 59]","(59, 69]","(69, 79]","(9.428, 29.0]","(16.214, 23.629]","(15.153, 18.543]","(0, 59]","(0, 59]","(0, 59]","(59, 69]","(89, 100]","(89, 100]",0.0,0.0,0.0,1.0,0.0
397,"(0, 59]","(59, 69]","(59, 69]","(0, 59]","(59, 69]","(69, 79]","(9.428, 29.0]","(16.214, 23.629]","(15.153, 18.543]","(0, 59]","(0, 59]","(0, 59]","(59, 69]","(89, 100]","(89, 100]",0.0,0.0,0.0,0.0,1.0
398,"(69, 79]","(69, 79]","(69, 79]","(69, 79]","(69, 79]","(69, 79]","(-0.001, 2.944]","(4.443, 11.306]","(5.782, 11.819]","(69, 79]","(59, 69]","(59, 69]","(69, 79]","(89, 100]","(79, 89]",0.0,0.0,1.0,0.0,0.0
399,"(69, 79]","(69, 79]","(69, 79]","(69, 79]","(69, 79]","(69, 79]","(-0.001, 2.944]","(4.443, 11.306]","(11.819, 15.153]","(69, 79]","(59, 69]","(0, 59]","(69, 79]","(89, 100]","(89, 100]",0.0,0.0,1.0,0.0,0.0
400,"(79, 89]","(69, 79]","(59, 69]","(89, 100]","(69, 79]","(69, 79]","(6.128, 9.428]","(11.306, 14.214]","(15.153, 18.543]","(69, 79]","(0, 59]","(0, 59]","(89, 100]","(89, 100]","(89, 100]",0.0,0.0,1.0,0.0,0.0
401,"(79, 89]","(69, 79]","(69, 79]","(89, 100]","(69, 79]","(69, 79]","(6.128, 9.428]","(4.443, 11.306]","(5.782, 11.819]","(69, 79]","(59, 69]","(0, 59]","(89, 100]","(89, 100]","(89, 100]",1.0,0.0,0.0,0.0,0.0
402,"(79, 89]","(69, 79]","(69, 79]","(89, 100]","(69, 79]","(69, 79]","(6.128, 9.428]","(11.306, 14.214]","(11.819, 15.153]","(69, 79]","(0, 59]","(0, 59]","(89, 100]","(89, 100]","(89, 100]",1.0,0.0,0.0,0.0,0.0
403,"(79, 89]","(59, 69]","(59, 69]","(79, 89]","(59, 69]","(69, 79]","(6.128, 9.428]","(16.214, 23.629]","(15.153, 18.543]","(79, 89]","(0, 59]","(0, 59]","(89, 100]","(89, 100]","(89, 100]",1.0,0.0,0.0,0.0,0.0
404,"(79, 89]","(69, 79]","(69, 79]","(79, 89]","(69, 79]","(69, 79]","(6.128, 9.428]","(4.443, 11.306]","(5.782, 11.819]","(79, 89]","(0, 59]","(0, 59]","(89, 100]","(89, 100]","(89, 100]",0.0,1.0,0.0,0.0,0.0
405,"(79, 89]","(69, 79]","(69, 79]","(79, 89]","(69, 79]","(69, 79]","(6.128, 9.428]","(11.306, 14.214]","(11.819, 15.153]","(79, 89]","(0, 59]","(0, 59]","(89, 100]","(89, 100]","(89, 100]",0.0,1.0,0.0,0.0,0.0
406,"(59, 69]","(59, 69]","(59, 69]","(59, 69]","(59, 69]","(69, 79]","(-0.001, 2.944]","(16.214, 23.629]","(15.153, 18.543]","(59, 69]","(0, 59]","(0, 59]","(59, 69]","(89, 100]","(89, 100]",0.0,0.0,0.0,1.0,0.0
407,"(59, 69]","(69, 79]","(69, 79]","(59, 69]","(69, 79]","(69, 79]","(-0.001, 2.944]","(11.306, 14.214]","(5.782, 11.819]","(59, 69]","(0, 59]","(0, 59]","(59, 69]","(89, 100]","(89, 100]",0.0,0.0,0.0,1.0,0.0
408,"(59, 69]","(59, 69]","(69, 79]","(59, 69]","(59, 69]","(69, 79]","(-0.001, 2.944]","(14.214, 16.214]","(11.819, 15.153]","(59, 69]","(0, 59]","(0, 59]","(59, 69]","(89, 100]","(89, 100]",0.0,0.0,0.0,1.0,0.0
409,"(59, 69]","(59, 69]","(59, 69]","(59, 69]","(59, 69]","(69, 79]","(-0.001, 2.944]","(16.214, 23.629]","(15.153, 18.543]","(59, 69]","(0, 59]","(0, 59]","(69, 79]","(89, 100]","(89, 100]",0.0,0.0,1.0,0.0,0.0
410,"(59, 69]","(69, 79]","(69, 79]","(59, 69]","(69, 79]","(69, 79]","(-0.001, 2.944]","(4.443, 11.306]","(5.782, 11.819]","(59, 69]","(0, 59]","(0, 59]","(69, 79]","(89, 100]","(89, 100]",0.0,0.0,0.0,1.0,0.0
411,"(59, 69]","(59, 69]","(69, 79]","(59, 69]","(59, 69]","(69, 79]","(-0.001, 2.944]","(14.214, 16.214]","(11.819, 15.153]","(59, 69]","(0, 59]","(0, 59]","(69, 79]","(89, 100]","(89, 100]",0.0,0.0,0.0,1.0,0.0
412,"(69, 79]","(59, 69]","(59, 69]","(69, 79]","(59, 69]","(69, 79]","(6.128, 9.428]","(16.214, 23.629]","(15.153, 18.543]","(59, 69]","(0, 59]","(0, 59]","(79, 89]","(89, 100]","(89, 100]",0.0,0.0,0.0,1.0,0.0
413,"(69, 79]","(69, 79]","(69, 79]","(69, 79]","(69, 79]","(69, 79]","(6.128, 9.428]","(11.306, 14.214]","(5.782, 11.819]","(59, 69]","(0, 59]","(0, 59]","(79, 89]","(89, 100]","(89, 100]",0.0,1.0,0.0,0.0,0.0
414,"(59, 69]","(69, 79]","(69, 79]","(69, 79]","(69, 79]","(69, 79]","(9.428, 29.0]","(4.443, 11.306]","(5.782, 11.819]","(0, 59]","(59, 69]","(59, 69]","(79, 89]","(89, 100]","(79, 89]",0.0,0.0,1.0,0.0,0.0
415,"(59, 69]","(59, 69]","(69, 79]","(69, 79]","(59, 69]","(69, 79]","(9.428, 29.0]","(14.214, 16.214]","(5.782, 11.819]","(0, 59]","(0, 59]","(0, 59]","(79, 89]","(89, 100]","(89, 100]",0.0,0.0,0.0,0.0,1.0
416,"(59, 69]","(69, 79]","(69, 79]","(69, 79]","(69, 79]","(69, 79]","(9.428, 29.0]","(11.306, 14.214]","(11.819, 15.153]","(0, 59]","(0, 59]","(0, 59]","(79, 89]","(89, 100]","(89, 100]",0.0,1.0,0.0,0.0,0.0
417,"(69, 79]","(69, 79]","(69, 79]","(69, 79]","(69, 79]","(69, 79]","(9.428, 29.0]","(4.443, 11.306]","(5.782, 11.819]","(59, 69]","(0, 59]","(0, 59]","(79, 89]","(89, 100]","(89, 100]",0.0,0.0,0.0,1.0,0.0
418,"(69, 79]","(69, 79]","(69, 79]","(69, 79]","(69, 79]","(69, 79]","(9.428, 29.0]","(4.443, 11.306]","(11.819, 15.153]","(59, 69]","(59, 69]","(0, 59]","(79, 89]","(89, 100]","(89, 100]",0.0,1.0,0.0,0.0,0.0
419,"(79, 89]","(69, 79]","(69, 79]","(79, 89]","(79, 89]","(79, 89]","(6.128, 9.428]","(16.214, 23.629]","(15.153, 18.543]","(69, 79]","(0, 59]","(0, 59]","(89, 100]","(89, 100]","(89, 100]",1.0,0.0,0.0,0.0,0.0
420,"(79, 89]","(69, 79]","(69, 79]","(79, 89]","(69, 79]","(69, 79]","(6.128, 9.428]","(4.443, 11.306]","(5.782, 11.819]","(69, 79]","(59, 69]","(0, 59]","(89, 100]","(89, 100]","(89, 100]",0.0,1.0,0.0,0.0,0.0
421,"(79, 89]","(69, 79]","(69, 79]","(79, 89]","(69, 79]","(69, 79]","(6.128, 9.428]","(4.443, 11.306]","(11.819, 15.153]","(69, 79]","(59, 69]","(0, 59]","(89, 100]","(89, 100]","(89, 100]",0.0,0.0,1.0,0.0,0.0
422,"(59, 69]","(69, 79]","(59, 69]","(59, 69]","(79, 89]","(69, 79]","(9.428, 29.0]","(16.214, 23.629]","(15.153, 18.543]","(59, 69]","(0, 59]","(0, 59]","(79, 89]","(89, 100]","(89, 100]",0.0,1.0,0.0,0.0,0.0
423,"(59, 69]","(69, 79]","(69, 79]","(59, 69]","(69, 79]","(69, 79]","(9.428, 29.0]","(4.443, 11.306]","(5.782, 11.819]","(59, 69]","(0, 59]","(0, 59]","(79, 89]","(89, 100]","(89, 100]",0.0,0.0,0.0,1.0,0.0
424,"(59, 69]","(69, 79]","(69, 79]","(59, 69]","(69, 79]","(69, 79]","(9.428, 29.0]","(11.306, 14.214]","(11.819, 15.153]","(59, 69]","(0, 59]","(0, 59]","(79, 89]","(89, 100]","(89, 100]",0.0,0.0,0.0,1.0,0.0
425,"(69, 79]","(59, 69]","(59, 69]","(69, 79]","(59, 69]","(69, 79]","(-0.001, 2.944]","(16.214, 23.629]","(15.153, 18.543]","(69, 79]","(0, 59]","(0, 59]","(69, 79]","(89, 100]","(89, 100]",0.0,0.0,1.0,0.0,0.0
426,"(59, 69]","(59, 69]","(59, 69]","(59, 69]","(59, 69]","(69, 79]","(-0.001, 2.944]","(16.214, 23.629]","(15.153, 18.543]","(59, 69]","(0, 59]","(0, 59]","(59, 69]","(89, 100]","(89, 100]",0.0,0.0,0.0,1.0,0.0
427,"(59, 69]","(69, 79]","(69, 79]","(59, 69]","(69, 79]","(69, 79]","(-0.001, 2.944]","(4.443, 11.306]","(5.782, 11.819]","(59, 69]","(0, 59]","(0, 59]","(59, 69]","(89, 100]","(89, 100]",0.0,0.0,0.0,1.0,0.0
428,"(59, 69]","(59, 69]","(69, 79]","(59, 69]","(59, 69]","(69, 79]","(-0.001, 2.944]","(14.214, 16.214]","(11.819, 15.153]","(59, 69]","(0, 59]","(0, 59]","(59, 69]","(89, 100]","(89, 100]",0.0,0.0,0.0,1.0,0.0
429,"(69, 79]","(59, 69]","(59, 69]","(69, 79]","(59, 69]","(59, 69]","(-0.001, 2.944]","(4.443, 11.306]","(5.782, 11.819]","(69, 79]","(59, 69]","(59, 69]","(69, 79]","(69, 79]","(69, 79]",0.0,0.0,1.0,0.0,0.0
430,"(59, 69]","(59, 69]","(59, 69]","(59, 69]","(59, 69]","(69, 79]","(6.128, 9.428]","(16.214, 23.629]","(15.153, 18.543]","(59, 69]","(0, 59]","(0, 59]","(69, 79]","(89, 100]","(89, 100]",0.0,0.0,0.0,1.0,0.0
431,"(59, 69]","(69, 79]","(69, 79]","(59, 69]","(69, 79]","(69, 79]","(6.128, 9.428]","(4.443, 11.306]","(5.782, 11.819]","(59, 69]","(0, 59]","(0, 59]","(69, 79]","(89, 100]","(89, 100]",0.0,0.0,1.0,0.0,0.0
432,"(59, 69]","(59, 69]","(69, 79]","(59, 69]","(59, 69]","(69, 79]","(6.128, 9.428]","(14.214, 16.214]","(11.819, 15.153]","(59, 69]","(0, 59]","(0, 59]","(69, 79]","(89, 100]","(89, 100]",0.0,0.0,0.0,1.0,0.0
433,"(79, 89]","(59, 69]","(59, 69]","(79, 89]","(59, 69]","(69, 79]","(6.128, 9.428]","(14.214, 16.214]","(15.153, 18.543]","(69, 79]","(0, 59]","(0, 59]","(89, 100]","(89, 100]","(89, 100]",0.0,0.0,1.0,0.0,0.0
434,"(79, 89]","(69, 79]","(69, 79]","(79, 89]","(69, 79]","(69, 79]","(6.128, 9.428]","(11.306, 14.214]","(5.782, 11.819]","(69, 79]","(0, 59]","(0, 59]","(89, 100]","(89, 100]","(89, 100]",1.0,0.0,0.0,0.0,0.0
435,"(79, 89]","(69, 79]","(69, 79]","(79, 89]","(69, 79]","(69, 79]","(6.128, 9.428]","(11.306, 14.214]","(11.819, 15.153]","(69, 79]","(0, 59]","(0, 59]","(89, 100]","(89, 100]","(89, 100]",0.0,1.0,0.0,0.0,0.0
436,"(59, 69]","(59, 69]","(59, 69]","(59, 69]","(59, 69]","(59, 69]","(-0.001, 2.944]","(4.443, 11.306]","(5.782, 11.819]","(59, 69]","(59, 69]","(59, 69]","(59, 69]","(69, 79]","(69, 79]",0.0,0.0,0.0,1.0,0.0
437,"(69, 79]","(69, 79]","(69, 79]","(79, 89]","(79, 89]","(79, 89]","(9.428, 29.0]","(16.214, 23.629]","(15.153, 18.543]","(59, 69]","(0, 59]","(0, 59]","(79, 89]","(89, 100]","(89, 100]",0.0,1.0,0.0,0.0,0.0
438,"(69, 79]","(69, 79]","(69, 79]","(79, 89]","(69, 79]","(69, 79]","(9.428, 29.0]","(11.306, 14.214]","(5.782, 11.819]","(59, 69]","(0, 59]","(0, 59]","(79, 89]","(89, 100]","(89, 100]",0.0,0.0,0.0,1.0,0.0
439,"(69, 79]","(69, 79]","(69, 79]","(79, 89]","(69, 79]","(69, 79]","(9.428, 29.0]","(11.306, 14.214]","(11.819, 15.153]","(59, 69]","(0, 59]","(0, 59]","(79, 89]","(89, 100]","(89, 100]",0.0,1.0,0.0,0.0,0.0
